datetime,low,high,open,close,volumefrom,volumeto
2017-06-25,38.55,43.21,43.03,40.9,7875.2,321778.89
2017-06-26,34.89,41.89,40.9,38.34,51559.95,1951395.52
2017-06-27,34.44,40.34,38.34,40.33,32438.14,1192329.47
2017-06-28,37.96,42.99,40.33,42.04,28966.58,1199844.05
2017-06-29,39.64,42.04,42.04,40.5,14557.53,596600.26
2017-06-30,39.3,41.35,40.5,39.88,21654.65,871915.19
2017-07-01,37.18,40.0,39.88,38.1,24736.38,948202.48
2017-07-02,37.06,41.89,38.1,41.42,11329.3,454893.65
2017-07-03,40.38,47.64,41.42,45.47,37597.37,1683203.09
2017-07-04,45.15,55.01,45.47,55.01,61117.88,3127243.98
2017-07-05,48.95,56.73,55.01,52.66,33993.97,1765672.11
2017-07-06,49.44,53.6,52.66,50.92,9159.52,465221.81
2017-07-07,44.51,51.29,50.92,46.17,44598.63,2114720.05
2017-07-08,44.35,52.0,46.17,50.7,16177.56,780451.33
2017-07-09,48.31,52.35,50.7,48.31,10605.62,533797.4
2017-07-10,42.31,49.91,48.31,44.8,32767.81,1514539.48
2017-07-11,41.5,46.76,44.8,44.19,80410.79,3533763.2
2017-07-12,42.0,48.99,44.19,47.25,35128.27,1625592.88
2017-07-13,44.16,47.87,47.25,45.68,20593.26,947020.15
2017-07-14,40.0,46.0,45.68,42.52,42544.72,1783995.5
2017-07-15,37.6,42.9,42.52,38.14,36473.09,1456665.29
2017-07-16,35.95,41.65,38.14,40.35,52769.46,2047758.19
2017-07-17,39.9,43.29,40.35,42.6,42572.14,1782936.61
2017-07-18,41.1,46.0,42.6,43.5,33017.24,1451789.07
2017-07-19,39.34,44.1,43.5,40.44,52762.31,2204322.69
2017-07-20,39.95,45.77,40.44,45.06,68991.38,2994882.53
2017-07-21,44.09,47.96,45.06,45.45,32855.7,1507961.93
2017-07-22,44.85,47.5,45.45,46.87,11597.37,534290.51
2017-07-23,43.37,47.04,46.87,45.29,15564.67,696669.23
2017-07-24,43.6,45.62,45.29,44.95,12367.37,553512.12
2017-07-25,40.38,45.3,44.95,42.02,33654.29,1419815.66
2017-07-26,40.23,42.9,42.02,41.8,23529.79,979289.09
2017-07-27,40.8,42.86,41.8,41.65,20574.83,859198.54
2017-07-28,40.02,42.2,41.65,40.25,27928.04,1144564.52
2017-07-29,38.25,41.24,40.25,40.54,25820.06,1024941.81
2017-07-30,39.3,41.22,40.54,39.86,8529.74,343996.4
2017-07-31,37.39,43.24,39.86,42.11,48862.78,1990801.82
2017-08-01,39.72,44.3,42.11,43.16,45493.33,1930105.37
2017-08-02,41.44,43.26,43.16,41.69,17092.19,721187.3
2017-08-03,41.69,43.0,41.69,42.5,8287.6,351940.79
2017-08-04,42.32,43.57,42.5,42.99,14250.12,612529.15
2017-08-05,42.99,47.09,42.99,46.24,49028.53,2248016.15
2017-08-06,44.73,46.92,46.24,45.25,18033.99,822517.15
2017-08-07,45.09,46.75,45.25,45.73,14152.53,649435.18
2017-08-08,45.31,49.7,45.73,48.65,34920.35,1654640.75
2017-08-09,46.69,50.25,48.65,47.68,34851.36,1689477.57
2017-08-10,46.75,48.68,47.68,46.75,8807.14,420023.77
2017-08-11,45.64,47.97,46.75,46.87,21790.02,1021046.1
2017-08-12,45.71,47.54,46.87,46.23,29512.74,1374071.8
2017-08-13,43.62,47.42,46.23,45.05,49668.71,2266273.87
2017-08-14,44.44,46.2,45.05,45.3,14008.1,633972.14
2017-08-15,41.15,45.67,45.3,42.86,57306.64,2489286.89
2017-08-16,41.89,44.9,42.86,43.95,53489.18,2269310.29
2017-08-17,43.0,44.86,43.95,43.77,16338.97,719325.85
2017-08-18,43.13,48.0,43.77,46.85,56155.78,2548908.3
2017-08-19,42.99,46.85,46.85,44.98,15117.39,665570.03
2017-08-20,43.36,47.26,44.98,45.63,7088.5,323102.57
2017-08-21,45.02,48.73,45.63,47.66,26343.42,1230788.87
2017-08-22,44.32,47.67,47.66,46.29,39939.43,1833125.2
2017-08-23,45.73,55.69,46.29,52.89,83862.85,4194818.47
2017-08-24,49.27,53.12,52.89,49.83,34397.88,1764116.48
2017-08-25,49.26,52.21,49.83,50.95,17779.8,905170.7
2017-08-26,50.0,52.25,50.95,51.46,13709.21,699290.35
2017-08-27,51.32,64.89,51.46,60.21,75380.17,4486170.55
2017-08-28,58.55,65.0,60.21,62.29,58275.12,3605409.06
2017-08-29,60.6,63.95,62.29,63.53,32084.67,1999767.03
2017-08-30,61.5,66.0,63.53,65.43,29627.61,1864920.51
2017-08-31,64.96,74.78,65.43,73.06,82581.97,5765008.86
2017-09-01,71.39,90.09,73.06,87.55,170819.37,13921624.13
2017-09-02,72.62,93.62,87.55,79.34,149477.38,11939897.72
2017-09-03,74.3,83.92,79.34,78.48,62462.45,4909989.9
2017-09-04,61.0,78.74,78.48,67.82,123536.46,8474631.06
2017-09-05,62.03,74.36,67.82,73.33,103011.83,7008499.13
2017-09-06,73.32,82.32,73.33,81.4,57840.25,4520443.72
2017-09-07,76.95,82.97,81.4,80.42,38797.21,3105174.43
2017-09-08,67.69,82.17,80.42,73.34,152322.98,11125681.32
2017-09-09,68.5,73.62,73.34,70.85,40001.6,2835650.83
2017-09-10,62.57,71.08,70.85,66.66,92486.15,6170538.63
2017-09-11,62.4,71.0,66.66,68.42,75068.34,5107127.55
2017-09-12,64.6,72.07,68.42,65.8,70474.91,4819095.27
2017-09-13,57.83,66.39,65.8,61.85,115680.87,7062983.18
2017-09-14,45.2,62.47,61.85,45.41,252318.82,13125655.43
2017-09-15,33.33,55.41,45.41,51.93,409525.46,19087793.02
2017-09-16,49.74,56.82,51.93,51.82,82909.54,4340148.85
2017-09-17,47.24,53.1,51.82,50.69,35516.9,1796807.71
2017-09-18,50.31,57.5,50.69,56.23,83459.41,4574903.82
2017-09-19,50.0,57.15,56.23,52.68,90776.58,4897136.04
2017-09-20,50.25,54.5,52.68,51.42,55961.67,2938256.72
2017-09-21,45.11,52.41,51.42,45.63,65679.87,3211382.95
2017-09-22,44.69,49.08,45.63,47.72,86134.31,4023820.28
2017-09-23,46.38,49.76,47.72,49.23,28592.94,1385958.7
2017-09-24,46.95,49.37,49.23,47.68,23157.3,1109359.01
2017-09-25,47.49,53.08,47.68,52.09,67065.09,3407024.05
2017-09-26,51.24,54.28,52.09,52.09,37605.06,1973906.46
2017-09-27,51.92,57.32,52.09,56.97,46126.63,2499618.19
2017-09-28,53.99,57.3,56.97,54.94,37616.9,2084807.73
2017-09-29,50.5,55.01,54.94,52.82,49106.27,2575103.37
2017-09-30,52.63,55.65,52.82,55.15,16963.72,928783.64
2017-10-01,53.06,55.28,55.15,54.28,24816.71,1336870.64
2017-10-02,52.82,54.71,54.28,53.23,14129.13,757465.25
2017-10-03,51.25,53.43,53.23,52.04,17466.84,909110.87
2017-10-04,50.41,52.92,52.04,51.21,15579.41,804936.34
2017-10-05,50.16,51.9,51.21,51.74,21252.45,1089012.34
2017-10-06,51.28,52.8,51.74,52.0,11378.14,593700.63
2017-10-07,51.35,52.8,52.0,52.54,10993.32,570058.95
2017-10-08,52.1,54.67,52.54,53.03,53879.28,2856338.62
2017-10-09,48.0,53.29,53.03,50.03,44223.31,2238818.69
2017-10-10,49.52,51.76,50.03,50.46,16791.98,846729.17
2017-10-11,49.99,51.18,50.46,50.74,17572.05,888586.43
2017-10-12,48.97,59.67,50.74,59.67,91741.29,4992320.69
2017-10-13,54.54,60.49,59.67,58.98,75655.88,4387305.36
2017-10-14,58.03,66.59,58.98,63.63,46644.5,2904888.15
2017-10-15,61.99,69.48,63.63,65.64,58131.24,3770801.81
2017-10-16,62.1,66.32,65.64,64.63,29549.01,1900732.04
2017-10-17,58.51,64.77,64.63,59.19,25855.51,1570167.84
2017-10-18,53.0,62.0,59.19,60.39,66566.33,3780346.48
2017-10-19,57.67,61.72,60.39,59.55,26917.35,1614180.55
2017-10-20,58.22,62.25,59.55,60.01,24678.58,1490965.42
2017-10-21,55.72,60.25,60.01,57.95,22366.69,1296199.22
2017-10-22,55.75,58.4,57.95,56.49,9511.8,540371.71
2017-10-23,52.0,56.49,56.49,54.4,35413.51,1910947.39
2017-10-24,52.03,59.52,54.4,55.5,53461.97,3058732.28
2017-10-25,53.48,56.44,55.5,56.24,18581.77,1016635.12
2017-10-26,54.66,57.0,56.24,55.47,14594.41,816465.45
2017-10-27,54.64,56.32,55.47,54.93,8810.92,487039.02
2017-10-28,53.52,55.98,54.93,54.16,13356.2,723008.51
2017-10-29,53.7,58.1,54.16,56.69,32131.4,1813089.14
2017-10-30,55.7,58.42,56.69,56.29,16262.77,925966.32
2017-10-31,55.2,56.92,56.29,55.45,8584.55,481522.92
2017-11-01,52.5,55.58,55.45,52.84,23277.2,1270533.55
2017-11-02,49.52,55.01,52.84,54.27,51907.14,2703468.4
2017-11-03,53.7,56.45,54.27,56.01,43746.98,2403909.81
2017-11-04,53.71,56.24,56.01,54.83,16708.23,921792.63
2017-11-05,54.3,55.5,54.83,54.44,6613.15,362219.9
2017-11-06,53.13,55.92,54.44,54.48,28796.67,1584419.38
2017-11-07,53.68,63.84,54.48,60.9,156854.16,9219729.62
2017-11-08,56.0,64.5,60.9,62.39,145804.42,8938364.2
2017-11-09,61.2,67.12,62.39,64.48,121878.71,7731706.56
2017-11-10,56.14,65.9,64.48,59.08,103986.96,6400797.39
2017-11-11,58.51,64.0,59.08,62.47,62029.14,3800766.97
2017-11-12,57.01,62.75,62.47,58.7,81546.24,4872845.21
2017-11-13,58.0,62.27,58.7,61.03,55128.43,3330416.7
2017-11-14,60.06,63.5,61.26,61.99,51845.5,3204947.1
2017-11-15,61.99,65.39,61.99,63.36,39371.44,2505363.49
2017-11-16,62.35,72.82,63.36,70.25,101661.73,6805615.34
2017-11-17,64.51,71.3,70.25,67.22,144729.22,9779625.15
2017-11-18,65.2,69.7,67.22,69.33,29945.27,2010878.66
2017-11-19,68.4,73.18,69.33,71.56,38685.44,2723903.4
2017-11-20,69.64,73.17,71.56,71.7,142167.52,10064378.13
2017-11-21,67.61,72.77,71.7,69.62,49074.87,3429297.17
2017-11-22,69.29,72.3,69.62,72.0,25052.15,1778892.47
2017-11-23,69.82,76.64,72.0,72.71,64401.89,4756660.76
2017-11-24,72.27,77.53,72.71,77.53,122287.69,9018772.59
2017-11-25,77.0,89.01,77.53,88.25,72955.45,5984305.74
2017-11-26,81.28,88.25,88.25,85.43,55836.32,4724403.44
2017-11-27,85.0,91.99,85.43,90.5,72753.21,6477374.43
2017-11-28,88.99,94.5,90.5,93.59,76352.99,7044309.29
2017-11-29,78.19,103.01,93.59,84.39,184778.8,17382640.73
2017-11-30,75.51,92.1,84.39,85.97,100901.77,8402249.57
2017-12-01,80.85,99.7,85.97,97.44,103259.08,9439058.14
2017-12-02,95.68,102.77,97.44,99.27,73772.64,7354422.07
2017-12-03,94.23,106.81,99.27,100.82,94889.27,9576246.62
2017-12-04,94.64,103.5,100.82,103.5,85208.4,8492751.57
2017-12-05,99.0,104.0,103.5,100.02,40615.39,4115917.62
2017-12-06,92.0,102.49,100.02,96.34,103740.39,10271438.59
2017-12-07,88.5,97.75,96.34,93.79,109105.38,10212006.75
2017-12-08,89.02,128.77,93.79,121.11,199130.92,22238306.07
2017-12-09,116.44,158.5,121.11,148.49,238423.37,33616417.06
2017-12-10,126.5,152.0,148.49,142.85,97798.68,13644076.3
2017-12-11,140.8,223.0,142.85,208.04,217064.31,39937134.84
2017-12-12,201.0,348.19,208.04,307.39,320151.39,90926972.44
2017-12-13,278.88,343.03,307.39,300.84,226939.36,69256453.71
2017-12-14,252.65,310.0,300.84,274.65,179282.16,50805367.63
2017-12-15,245.0,317.9,274.65,295.34,151721.23,43475685.11
2017-12-16,284.3,308.01,295.34,294.79,68686.59,20282503.81
2017-12-17,294.79,329.84,294.79,314.49,61687.32,19443542.64
2017-12-18,293.21,367.73,314.49,357.12,106382.7,34952378.32
2017-12-19,321.0,375.0,357.12,346.0,143306.56,50084014.7
2017-12-20,297.92,348.31,346.0,305.84,127001.28,40487389.37
2017-12-21,284.99,327.0,305.84,306.0,100992.41,31005725.5
2017-12-22,173.68,309.09,306.0,264.98,273757.27,66552855.81
2017-12-23,252.48,309.8,264.98,281.47,80910.32,23216371.71
2017-12-24,240.0,282.6,281.47,274.97,62454.59,16377202.79
2017-12-25,262.18,284.5,274.97,268.59,26460.35,7242119.77
2017-12-26,263.13,285.94,268.59,279.0,27098.19,7534929.74
2017-12-27,251.1,284.84,279.0,264.49,60042.94,16184470.21
2017-12-28,225.0,265.67,264.49,249.95,80194.94,19471882.64
2017-12-29,236.43,258.8,249.95,240.0,58343.45,14349650.59
2017-12-30,200.0,242.53,240.0,211.17,103142.87,22649604.08
2017-12-31,208.19,235.0,211.17,227.16,38665.49,8594312.49
2018-01-01,215.17,232.99,227.16,223.57,27976.08,6264180.39
2018-01-02,223.57,260.0,223.57,250.79,83005.07,20494733.01
2018-01-03,240.5,257.0,250.79,244.03,70972.06,17567573.62
2018-01-04,225.0,245.0,244.03,237.9,104935.56,24585188.28
2018-01-05,234.22,250.0,237.9,245.14,79645.22,19402042.01
2018-01-06,241.72,306.8,245.14,278.98,106854.31,29887100.75
2018-01-07,258.0,287.75,278.98,271.12,63424.94,17530954.2
2018-01-08,230.0,273.57,271.12,254.23,99257.98,25338394.14
2018-01-09,236.0,258.98,254.23,245.81,65909.86,16410250.38
2018-01-10,230.47,250.0,245.81,249.57,64076.56,15371977.17
2018-01-11,218.0,253.0,249.57,226.88,97113.34,22558153.11
2018-01-12,219.11,241.99,226.88,235.37,45903.23,10725044.85
2018-01-13,235.1,262.98,235.37,258.54,40053.42,9901311.97
2018-01-14,232.0,270.0,258.54,236.79,50028.24,12290238.19
2018-01-15,230.53,245.78,236.79,232.33,20384.61,4851289.93
2018-01-16,149.23,232.45,232.33,188.94,172206.88,33433613.94
2018-01-17,137.57,200.7,188.94,188.79,188252.68,32375861.14
2018-01-18,176.13,208.8,188.79,192.81,95483.05,18541706.48
2018-01-19,185.94,203.45,192.81,192.58,46752.15,9089678.29
2018-01-20,192.58,216.29,192.58,211.07,30134.92,6196170.38
2018-01-21,182.9,211.07,211.07,191.0,42100.66,8157604.16
2018-01-22,163.48,195.55,191.0,179.03,46336.6,8277353.93
2018-01-23,163.54,186.99,179.03,177.41,30774.27,5410148.71
2018-01-24,172.22,185.92,177.41,180.9,19605.22,3508062.07
2018-01-25,175.0,185.66,180.9,179.0,24604.9,4448933.68
2018-01-26,165.05,182.52,179.0,175.92,32713.06,5671609.4
2018-01-27,173.52,184.0,175.92,182.12,19322.22,3473313.12
2018-01-28,180.26,195.0,182.12,193.76,25666.76,4836746.8
2018-01-29,178.0,194.25,193.76,180.08,33783.22,6152273.79
2018-01-30,157.65,181.16,180.08,163.31,46229.83,7802795.26
2018-01-31,154.88,166.66,163.31,163.0,43309.36,6951132.39
2018-02-01,127.17,165.0,163.0,140.99,81585.2,11824965.06
2018-02-02,102.0,141.44,140.99,130.66,170042.88,21120568.87
2018-02-03,119.19,166.19,130.66,160.52,83121.23,12253894.49
2018-02-04,135.03,174.33,160.52,147.91,153029.88,23732443.27
2018-02-05,116.0,154.0,147.91,124.97,173487.16,22969346.95
2018-02-06,104.31,148.87,124.97,143.02,236375.37,29505914.56
2018-02-07,131.2,160.03,143.02,137.66,134301.63,19786106.72
2018-02-08,136.01,151.33,137.66,149.95,53924.14,7827251.09
2018-02-09,141.41,164.68,149.95,163.7,57248.63,8711417.04
2018-02-10,147.88,169.72,163.7,154.22,50881.07,8097676.22
2018-02-11,140.99,156.0,154.22,149.02,40674.51,6041818.32
2018-02-12,149.02,165.34,149.02,160.48,45312.17,7177802.5
2018-02-13,151.31,162.47,160.48,159.19,27868.76,4385889.64
2018-02-14,159.19,217.72,159.19,212.68,182731.86,35679595.71
2018-02-15,207.0,237.18,212.68,221.31,147813.42,32879384.78
2018-02-16,209.51,235.0,221.31,228.35,74976.6,16658085.95
2018-02-17,223.0,233.53,228.35,229.29,37968.92,8657378.04
2018-02-18,212.0,232.64,229.29,214.54,57688.7,12808886.3
2018-02-19,213.01,226.51,214.54,221.96,25959.1,5762632.12
2018-02-20,221.28,252.55,221.96,229.2,107905.84,25750274.82
2018-02-21,204.26,231.52,229.2,209.75,102086.71,22170542.62
2018-02-22,188.35,221.42,209.75,192.68,87701.08,17654544.25
2018-02-23,182.1,216.25,192.68,207.32,65237.4,13068451.54
2018-02-24,194.4,218.97,207.32,205.24,55039.35,11239662.28
2018-02-25,200.0,223.62,205.24,218.64,61459.33,12993792.05
2018-02-26,214.93,231.76,218.64,218.09,92159.19,20576769.0
2018-02-27,212.11,224.0,218.09,215.3,54111.62,11790205.27
2018-02-28,201.18,223.9,215.3,201.83,57492.48,12194552.24
2018-03-01,200.01,215.38,201.83,209.33,44462.97,9312766.63
2018-03-02,203.82,213.93,209.33,212.7,29233.34,6080014.42
2018-03-03,207.98,218.65,212.7,210.0,32306.72,6895871.65
2018-03-04,204.68,214.65,210.0,212.8,31028.4,6501704.64
2018-03-05,208.57,216.31,212.8,210.26,31282.14,6642400.98
2018-03-06,191.2,210.26,210.26,196.27,48298.63,9675721.98
2018-03-07,173.73,199.52,196.27,185.7,97719.89,18159522.76
2018-03-08,174.2,188.02,185.7,175.79,63608.19,11506475.46
2018-03-09,158.57,189.98,175.79,186.18,122041.69,21087609.41
2018-03-10,175.25,195.0,186.18,177.74,47865.91,8865193.36
2018-03-11,171.0,194.0,177.74,188.57,55222.28,10255595.61
2018-03-12,173.32,193.37,188.57,177.71,67848.11,12372023.13
2018-03-13,171.0,182.02,177.71,175.33,53773.16,9465871.96
2018-03-14,157.5,178.88,175.33,160.62,59778.17,9889329.98
2018-03-15,150.11,168.01,160.62,164.54,83530.23,13379356.84
2018-03-16,158.5,172.1,164.54,164.68,60220.59,9953335.31
2018-03-17,150.51,165.62,164.68,152.23,44929.85,7118268.57
2018-03-18,137.2,157.82,152.23,153.59,71776.41,10487394.67
2018-03-19,151.11,163.95,153.59,161.29,69749.06,10960557.53
2018-03-20,155.71,173.7,161.29,169.04,60260.68,9914228.66
2018-03-21,165.12,175.99,169.04,168.41,53214.77,9088429.35
2018-03-22,159.51,172.43,168.41,164.0,46452.37,7682036.16
2018-03-23,156.62,169.03,164.0,168.91,42711.1,6876608.74
2018-03-24,157.82,169.76,168.91,158.34,30172.71,4962004.03
2018-03-25,157.07,164.0,158.34,160.29,23205.79,3723621.33
2018-03-26,141.73,161.03,160.29,148.27,61473.17,9253403.9
2018-03-27,134.66,149.4,148.27,135.01,57052.58,8050000.29
2018-03-28,130.0,139.91,135.01,131.37,33245.02,4468659.53
2018-03-29,112.29,132.41,131.37,114.51,106088.94,12724867.77
2018-03-30,109.54,126.4,114.51,118.32,110979.73,13045172.89
2018-03-31,115.56,124.69,118.32,116.48,35810.99,4308369.52
2018-04-01,109.38,117.99,116.48,114.96,49088.3,5575600.28
2018-04-02,114.07,121.6,114.96,119.02,23752.65,2815417.1
2018-04-03,118.33,136.91,119.02,134.28,45685.95,5888735.22
2018-04-04,115.23,134.68,134.28,118.41,62338.83,7609128.45
2018-04-05,113.95,122.7,118.41,118.47,57133.38,6791448.03
2018-04-06,111.73,120.27,118.47,113.16,27223.86,3128242.46
2018-04-07,112.81,119.7,113.16,116.04,21602.76,2537573.44
2018-04-08,115.0,118.97,116.04,117.56,47764.65,5537411.32
2018-04-09,112.55,122.79,117.56,114.83,76584.79,8971293.94
2018-04-10,111.0,115.32,114.83,114.4,82335.35,9295426.55
2018-04-11,112.99,119.7,114.4,117.91,31346.36,3597313.18
2018-04-12,112.61,130.95,117.91,129.77,277691.78,33128247.15
2018-04-13,123.7,133.69,129.77,125.67,138671.92,17726507.7
2018-04-14,124.1,129.9,125.67,126.56,14721.56,1868274.19
2018-04-15,126.56,133.04,126.56,132.29,24313.21,3185396.13
2018-04-16,125.22,133.23,132.29,128.74,28930.38,3707906.59
2018-04-17,128.55,140.31,128.74,132.13,54215.77,7342740.75
2018-04-18,131.85,141.69,132.13,140.07,42492.55,5824932.33
2018-04-19,138.7,147.74,140.07,146.63,37750.77,5391330.75
2018-04-20,143.19,156.6,146.63,155.46,63912.75,9586043.67
2018-04-21,140.61,157.0,155.46,148.65,48122.68,7132307.24
2018-04-22,144.6,153.15,148.65,146.02,23033.54,3430017.91
2018-04-23,146.02,153.45,146.02,152.61,25187.58,3795932.3
2018-04-24,152.58,166.09,152.61,164.82,68743.6,11101064.38
2018-04-25,142.43,165.02,164.82,144.99,106966.72,16089588.42
2018-04-26,142.08,154.57,144.99,153.26,35574.81,5210421.12
2018-04-27,145.11,153.67,153.26,146.07,39838.47,6000313.2
2018-04-28,144.44,153.7,146.07,152.18,30317.17,4570549.87
2018-04-29,148.11,156.02,152.18,153.92,20070.41,3053980.32
2018-04-30,147.01,154.48,153.92,148.28,22205.58,3344221.47
2018-05-01,142.75,148.8,148.28,147.94,36421.17,5291372.91
2018-05-02,146.19,153.62,147.94,151.42,28647.36,4270584.4
2018-05-03,150.49,164.9,151.42,160.95,52945.74,8332178.79
2018-05-04,157.33,171.06,160.95,168.06,32550.81,5315422.57
2018-05-05,167.91,182.72,168.06,178.1,39727.79,6975099.84
2018-05-06,164.14,183.58,178.1,171.77,35598.25,6091778.53
2018-05-07,157.56,171.77,171.77,164.13,37169.8,6053837.38
2018-05-08,156.91,168.22,164.13,158.96,47114.04,7640068.39
2018-05-09,150.12,160.07,158.96,156.62,35945.74,5598926.1
2018-05-10,147.49,160.57,156.62,148.49,27984.15,4315109.95
2018-05-11,133.35,148.51,148.49,136.62,55334.89,7786457.88
2018-05-12,131.11,144.5,136.62,141.91,32839.99,4546179.6
2018-05-13,136.58,147.12,141.91,144.13,24170.51,3434675.7
2018-05-14,134.51,152.9,144.13,147.54,64595.71,9248932.6
2018-05-15,137.89,149.71,147.54,139.78,31891.94,4592863.36
2018-05-16,134.8,141.32,139.78,139.72,18246.34,2505334.96
2018-05-17,131.26,141.49,139.72,132.5,16288.62,2205812.78
2018-05-18,129.0,137.78,132.5,135.75,18321.04,2431902.06
2018-05-19,133.0,137.86,135.75,135.3,7158.32,969056.22
2018-05-20,132.47,140.87,135.3,139.86,11484.21,1590074.07
2018-05-21,133.52,139.99,139.86,134.37,16930.23,2312403.45
2018-05-22,127.44,136.0,134.37,128.21,19233.33,2533333.91
2018-05-23,116.45,129.33,128.21,118.95,34569.61,4220603.11
2018-05-24,115.0,124.94,118.95,122.87,21101.54,2535783.17
2018-05-25,117.0,124.44,122.87,119.0,16050.07,1927176.29
2018-05-26,117.6,122.7,119.0,118.45,10330.21,1244480.34
2018-05-27,116.56,118.99,118.45,117.71,4734.59,556099.65
2018-05-28,110.51,118.99,117.71,111.35,25764.29,2939093.74
2018-05-29,108.25,122.47,111.35,118.9,25599.03,2984848.71
2018-05-30,115.0,122.66,118.9,117.22,12516.97,1484791.98
2018-05-31,116.4,120.93,117.22,118.1,10195.96,1213206.49
2018-06-01,116.93,120.37,118.1,120.23,6845.47,814201.1
2018-06-02,118.56,124.27,120.23,123.52,7696.17,941698.91
2018-06-03,122.3,128.04,123.52,124.99,10827.78,1367735.94
2018-06-04,118.2,126.6,124.99,119.91,14561.82,1760450.86
2018-06-05,116.02,122.35,119.91,121.99,11297.73,1344920.08
2018-06-06,118.4,122.71,121.99,121.21,10014.02,1209771.24
2018-06-07,119.62,123.73,121.21,121.26,6877.33,838613.83
2018-06-08,118.41,122.06,121.26,120.19,7431.07,887794.55
2018-06-09,116.8,121.13,120.19,117.54,3393.8,405207.94
2018-06-10,103.43,117.54,117.54,106.85,44159.42,4803259.94
2018-06-11,103.21,108.69,106.85,107.36,17935.58,1901170.62
2018-06-12,97.66,107.99,107.36,100.1,26832.78,2762636.74
2018-06-13,89.27,100.5,100.1,93.58,32217.08,3037527.54
2018-06-14,92.75,103.0,93.58,100.99,23885.26,2328448.12
2018-06-15,94.74,101.0,100.99,95.43,9290.33,909981.85
2018-06-16,93.0,97.67,95.43,96.46,4594.71,438763.52
2018-06-17,94.65,98.2,96.46,95.0,4935.25,474619.02
2018-06-18,92.96,99.8,95.0,98.67,11503.24,1109829.75
2018-06-19,97.07,101.46,98.67,98.67,8796.49,868089.63
2018-06-20,95.5,98.95,98.67,97.92,6802.91,659209.76
2018-06-21,95.93,99.31,97.92,96.7,7401.51,717967.83
2018-06-22,80.38,96.87,96.7,84.96,35561.16,3109353.79
2018-06-23,81.65,86.99,84.96,83.07,9381.53,786268.97
2018-06-24,73.52,83.68,83.07,80.75,35083.21,2745574.45
2018-06-25,78.68,84.42,80.75,81.68,32689.56,2684862.63
2018-06-26,75.4,82.43,81.68,76.01,15535.02,1235550.77
2018-06-27,75.0,81.7,76.01,80.78,12174.15,958775.33
2018-06-28,74.0,81.38,80.78,74.28,30861.98,2383506.86
2018-06-29,72.52,80.51,74.28,79.03,24815.74,1866863.68
2018-06-30,79.03,84.29,79.03,81.2,19129.72,1563321.2
2018-07-01,77.62,81.53,81.2,79.91,8462.71,672777.1
2018-07-02,78.14,86.86,79.91,85.42,17833.66,1490813.99
2018-07-03,84.1,89.83,85.42,84.99,26968.07,2333855.9
2018-07-04,83.34,89.16,84.99,85.24,15389.41,1323263.95
2018-07-05,81.85,86.85,85.24,83.09,19211.39,1617413.29
2018-07-06,80.65,84.1,83.09,83.13,12310.25,1019169.33
2018-07-07,79.53,85.4,83.13,85.04,12995.03,1066364.14
2018-07-08,81.83,85.66,85.04,82.28,11773.13,987852.94
2018-07-09,80.0,83.74,82.28,80.42,16448.03,1342810.89
2018-07-10,74.37,80.57,80.42,75.87,27900.93,2135765.92
2018-07-11,75.46,80.89,75.87,78.25,24506.38,1895883.2
2018-07-12,74.11,78.29,78.25,76.9,18978.44,1437296.23
2018-07-13,75.07,78.62,76.9,76.7,15718.51,1210694.93
2018-07-14,75.45,77.59,76.7,76.23,5548.01,423935.43
2018-07-15,75.31,79.44,76.23,78.6,6704.64,519475.05
2018-07-16,77.65,83.98,78.6,83.75,22077.92,1810546.12
2018-07-17,81.38,90.0,83.75,89.16,28423.82,2452393.61
2018-07-18,85.1,94.36,89.16,86.06,29945.2,2671321.75
2018-07-19,84.98,88.8,86.06,86.09,12790.21,1108598.78
2018-07-20,81.0,86.47,86.09,81.64,12830.01,1074095.29
2018-07-21,79.62,84.89,81.64,83.51,9189.54,757724.5
2018-07-22,81.61,84.08,83.51,82.34,7201.82,595530.31
2018-07-23,81.14,85.84,82.34,81.3,19324.33,1612635.0
2018-07-24,80.78,89.7,81.3,89.27,19967.07,1730887.85
2018-07-25,84.64,90.61,89.27,86.28,19818.47,1719862.99
2018-07-26,82.89,87.94,86.28,83.51,13188.98,1136755.2
2018-07-27,81.4,85.13,83.51,84.48,11959.97,997983.51
2018-07-28,82.35,84.78,84.48,84.2,6338.83,529325.96
2018-07-29,83.26,85.33,84.2,84.05,5510.92,462478.85
2018-07-30,79.79,84.82,84.05,82.23,15713.8,1295802.32
2018-07-31,76.12,82.43,82.23,78.86,26076.8,2036016.07
2018-08-01,75.94,78.9,78.86,77.71,16042.88,1241505.33
2018-08-02,75.49,78.46,77.71,76.23,7392.22,566452.99
2018-08-03,74.89,77.89,76.23,77.67,12043.45,914116.68
2018-08-04,72.01,78.0,77.67,73.01,8220.22,608705.68
2018-08-05,72.34,74.75,73.01,74.75,10732.4,790791.79
2018-08-06,72.3,76.76,74.75,73.49,9750.06,724032.79
2018-08-07,66.71,75.15,73.49,67.37,20641.04,1461630.41
2018-08-08,60.85,67.48,67.37,62.15,26042.89,1671794.31
2018-08-09,60.1,64.98,62.15,62.98,19311.77,1205106.37
2018-08-10,58.22,63.19,62.98,59.15,27406.93,1677048.39
2018-08-11,55.15,59.84,59.15,57.79,16507.9,943036.4
2018-08-12,57.4,61.71,57.79,59.24,13641.73,814844.65
2018-08-13,55.68,60.6,59.24,56.5,19440.86,1122234.32
2018-08-14,49.4,56.5,56.5,54.25,40119.03,2078809.96
2018-08-15,53.91,59.37,54.25,54.39,40803.71,2293252.2
2018-08-16,54.2,57.57,54.39,55.25,11057.79,619484.19
2018-08-17,55.24,62.09,55.25,61.78,16927.28,996795.23
2018-08-18,55.24,62.3,61.78,57.17,13546.31,786454.67
2018-08-19,56.31,59.1,57.17,57.9,12843.46,742356.78
2018-08-20,53.24,58.59,57.9,53.46,32947.22,1826668.86
2018-08-21,53.3,56.9,53.46,56.47,14831.69,821356.27
2018-08-22,53.87,59.27,56.47,55.15,29045.11,1638491.88
2018-08-23,54.91,57.85,55.15,57.25,8748.29,488489.36
2018-08-24,55.62,58.3,57.25,57.96,6727.03,384167.49
2018-08-25,57.09,58.31,57.96,57.94,3612.04,208500.29
2018-08-26,55.8,58.17,57.94,57.02,6231.97,352067.33
2018-08-27,56.58,61.11,57.02,60.63,7181.14,421656.83
2018-08-28,59.7,63.78,60.63,63.13,19683.6,1211770.6
2018-08-29,60.19,63.36,63.13,61.44,15991.57,986909.24
2018-08-30,58.63,61.64,61.44,60.1,13636.45,817189.46
2018-08-31,59.51,62.73,60.1,62.15,8610.72,524576.51
2018-09-01,62.14,68.17,62.15,66.45,24683.5,1606428.47
2018-09-02,64.21,67.0,66.45,66.12,14174.31,929262.52
2018-09-03,64.3,66.5,66.12,65.31,9417.84,613689.61
2018-09-04,65.31,69.4,65.31,67.6,16967.09,1146350.73
2018-09-05,57.45,68.23,67.6,57.71,45860.61,2846420.42
2018-09-06,53.73,57.89,57.71,57.31,41530.44,2305991.05
2018-09-07,55.18,58.45,57.31,55.68,15848.49,895943.35
2018-09-08,51.62,57.25,55.68,52.95,14448.77,777505.52
2018-09-09,52.21,56.8,52.95,54.69,12910.49,708648.35
2018-09-10,52.93,56.61,54.69,54.3,17084.36,933838.83
2018-09-11,50.03,54.78,54.3,51.92,24357.42,1289880.78
2018-09-12,47.05,52.07,51.92,51.66,24997.0,1240694.54
2018-09-13,51.62,55.35,51.66,54.44,23284.02,1253483.93
2018-09-14,52.92,58.96,54.44,56.3,30043.74,1678524.28
2018-09-15,55.5,59.0,56.3,56.35,17609.81,1015149.52
2018-09-16,54.5,57.44,56.35,56.76,12674.58,712959.62
2018-09-17,51.41,57.94,56.76,52.23,33368.54,1803288.41
2018-09-18,50.57,55.39,52.23,53.86,24885.62,1332187.34
2018-09-19,51.61,54.96,53.86,54.17,19160.12,1025758.35
2018-09-20,53.44,57.45,54.17,56.5,16201.42,892675.64
2018-09-21,56.31,62.6,56.5,60.84,35324.08,2083444.52
2018-09-22,58.0,61.75,60.84,60.53,16447.56,985450.05
2018-09-23,59.76,63.57,60.53,61.37,17727.27,1098009.58
2018-09-24,57.15,61.37,61.37,57.93,29523.65,1721992.38
2018-09-25,54.4,58.06,57.93,57.44,28599.09,1608064.84
2018-09-26,56.41,59.71,57.44,57.25,24072.13,1394927.88
2018-09-27,56.52,65.5,57.25,63.06,51819.39,3214302.73
2018-09-28,60.14,64.65,63.06,61.62,23024.01,1434661.12
2018-09-29,58.52,62.0,61.62,61.2,14985.9,906416.62
2018-09-30,59.48,62.72,61.2,60.83,21113.33,1283488.29
2018-10-01,59.17,61.89,60.83,60.05,14249.83,863302.81
2018-10-02,58.59,61.31,60.05,58.99,10894.78,651025.71
2018-10-03,56.3,59.15,58.99,57.18,19819.24,1134968.67
2018-10-04,57.01,58.89,57.18,57.93,15595.7,907289.69
2018-10-05,57.23,59.4,57.93,58.58,6540.14,378756.17
2018-10-06,56.69,58.73,58.58,57.87,7913.77,455149.19
2018-10-07,56.44,58.25,57.87,58.0,11268.83,644225.45
2018-10-08,57.23,59.81,58.0,59.12,10487.86,613796.03
2018-10-09,57.84,59.37,59.12,58.35,14120.94,825128.01
2018-10-10,56.77,58.45,58.35,57.38,8539.06,489839.78
2018-10-11,49.72,57.47,57.38,50.65,29658.62,1546433.74
2018-10-12,49.95,53.36,50.65,52.92,15295.02,800408.61
2018-10-13,52.37,53.99,52.92,52.68,5574.65,295675.24
2018-10-14,50.88,53.32,52.68,51.17,7069.38,369443.47
2018-10-15,50.91,57.02,51.17,53.42,33953.84,1820577.21
2018-10-16,52.45,54.07,53.42,53.05,10962.4,583351.73
2018-10-17,52.1,53.23,53.05,52.8,9043.22,476080.16
2018-10-18,51.02,53.42,52.8,51.77,9059.14,470242.05
2018-10-19,51.44,53.14,51.77,52.38,12756.24,664568.56
2018-10-20,51.95,53.03,52.38,52.76,1893.83,99585.98
2018-10-21,52.0,53.27,52.76,52.16,6803.26,357912.95
2018-10-22,51.44,52.53,52.16,51.65,7491.3,389204.35
2018-10-23,51.3,52.6,51.65,52.1,7006.03,363789.55
2018-10-24,51.72,52.76,52.1,51.87,5159.05,268949.13
2018-10-25,51.52,52.04,51.87,51.85,4193.8,217054.25
2018-10-26,51.12,52.31,51.85,51.67,9025.69,465451.1
2018-10-27,51.24,51.84,51.67,51.49,2569.68,132335.78
2018-10-28,51.11,51.7,51.49,51.54,2868.63,147519.0
2018-10-29,47.39,51.59,51.54,48.54,22810.03,1124455.55
2018-10-30,48.36,49.15,48.54,48.96,24963.25,1219549.86
2018-10-31,47.59,50.18,48.96,49.37,7586.25,371020.29
2018-11-01,49.35,50.37,49.37,50.19,6788.49,337785.84
2018-11-02,50.04,51.66,50.19,50.99,12048.58,613749.25
2018-11-03,50.3,51.14,50.99,50.57,3518.06,178694.32
2018-11-04,50.22,55.88,50.57,54.02,20953.17,1119735.73
2018-11-05,52.68,54.74,54.02,53.49,16518.97,880089.57
2018-11-06,53.38,56.14,53.49,55.91,23614.09,1285329.44
2018-11-07,53.13,56.44,55.91,53.87,13762.72,751901.24
2018-11-08,51.83,54.42,53.87,52.0,14952.98,794512.23
2018-11-09,51.11,52.43,52.0,51.69,7497.18,388247.41
2018-11-10,51.27,52.28,51.69,51.69,3893.77,201779.36
2018-11-11,49.33,52.01,51.69,50.65,7276.74,367637.58
2018-11-12,49.93,51.35,50.65,50.28,10161.37,512572.16
2018-11-13,48.31,50.41,50.28,48.89,15713.5,782421.55
2018-11-14,40.18,49.87,48.89,42.68,80373.95,3491236.83
2018-11-15,39.53,43.79,42.68,43.28,41734.67,1743183.6
2018-11-16,41.35,43.55,43.28,41.82,12477.4,529768.72
2018-11-17,41.13,41.82,41.82,41.59,7721.33,320053.22
2018-11-18,41.5,42.96,41.59,41.83,8054.3,338245.16
2018-11-19,35.0,41.83,41.83,35.81,61743.61,2319306.04
2018-11-20,30.22,37.56,35.81,32.3,120379.91,3990326.36
2018-11-21,31.06,34.36,32.3,34.29,56018.5,1838373.69
2018-11-22,31.19,34.6,34.29,31.3,29413.16,978552.08
2018-11-23,30.35,32.76,31.3,31.77,54501.03,1708641.82
2018-11-24,27.78,32.96,31.77,28.59,49269.41,1475659.73
2018-11-25,26.31,32.0,28.59,30.43,62905.76,1827352.15
2018-11-26,27.61,31.78,30.43,29.09,61803.68,1849817.56
2018-11-27,28.15,31.28,29.09,30.81,37430.14,1105012.44
2018-11-28,30.69,36.0,30.81,34.32,78896.93,2643099.87
2018-11-29,32.75,35.37,34.32,33.55,38197.53,1296350.96
2018-11-30,30.64,34.1,33.55,31.66,41921.47,1338342.94
2018-12-01,31.02,34.88,31.66,33.66,15030.16,497288.42
2018-12-02,32.77,34.68,33.66,33.27,16231.4,543572.67
2018-12-03,29.49,33.42,33.27,30.51,50910.54,1589603.48
2018-12-04,29.54,31.9,30.51,30.7,22242.4,686350.53
2018-12-05,28.6,30.99,30.7,28.76,40769.67,1217335.97
2018-12-06,25.88,30.25,28.76,26.33,60122.61,1703784.73
2018-12-07,22.25,26.37,26.33,24.81,87385.98,2138497.33
2018-12-08,22.91,26.5,24.81,24.12,33353.42,812228.53
2018-12-09,24.12,26.61,24.12,25.29,28831.84,732213.84
2018-12-10,23.53,25.57,25.29,24.01,45372.93,1109390.87
2018-12-11,22.74,24.39,24.01,23.22,28160.84,658398.11
2018-12-12,23.03,24.92,23.22,23.99,24138.67,585710.54
2018-12-13,22.64,24.15,23.99,22.82,29414.02,690167.88
2018-12-14,22.24,23.49,22.82,23.07,37264.86,852016.36
2018-12-15,22.86,23.75,23.07,23.46,17000.02,396229.55
2018-12-16,23.4,26.73,23.46,25.2,52507.52,1349601.78
2018-12-17,25.13,30.36,25.2,28.91,101633.86,2882342.75
2018-12-18,27.69,30.27,28.91,30.08,59289.22,1706193.29
2018-12-19,28.62,31.59,30.08,29.07,76525.03,2314914.42
2018-12-20,28.64,33.1,29.07,32.35,100729.09,3153260.77
2018-12-21,29.65,33.02,32.35,30.2,51316.98,1608226.72
2018-12-22,29.69,31.61,30.2,31.59,11441.53,350856.93
2018-12-23,31.49,33.84,31.59,33.11,25486.82,832647.57
2018-12-24,32.53,36.58,33.11,32.84,56571.73,1970862.12
2018-12-25,29.0,32.98,32.84,30.73,45837.57,1400813.96
2018-12-26,28.89,32.09,30.73,30.54,30915.42,935240.76
2018-12-27,27.46,31.09,30.54,27.71,37603.27,1080942.19
2018-12-28,27.71,33.58,27.71,32.25,50447.68,1583369.03
2018-12-29,30.31,33.28,32.25,30.51,23447.62,745856.85
2018-12-30,30.0,32.0,30.51,31.52,15541.15,483854.21
2018-12-31,29.4,31.62,31.52,29.9,29353.37,900836.73
2019-01-01,29.52,31.99,29.9,31.44,13312.66,410385.35
2019-01-02,31.37,33.52,31.44,33.0,29289.47,950525.86
2019-01-03,30.91,33.04,33.0,31.64,25585.69,813580.6
2019-01-04,31.0,32.7,31.64,32.21,30070.16,957425.41
2019-01-05,32.03,36.0,32.21,34.45,54636.74,1895829.37
2019-01-06,34.03,40.2,34.45,38.97,94928.3,3575279.97
2019-01-07,37.08,39.5,38.97,37.61,54113.58,2065597.55
2019-01-08,37.48,41.17,37.61,39.16,61437.04,2435093.12
2019-01-09,38.37,40.05,39.16,38.51,28556.53,1118548.34
2019-01-10,31.8,39.24,38.51,33.27,91969.47,3184697.65
2019-01-11,31.15,33.69,33.27,31.65,51216.56,1666085.45
2019-01-12,31.44,32.33,31.65,32.1,15684.56,501177.77
2019-01-13,29.54,33.03,32.1,29.89,43073.07,1332307.72
2019-01-14,29.76,32.8,29.89,32.0,47645.8,1507102.37
2019-01-15,30.21,32.43,32.0,31.09,32897.67,1042169.59
2019-01-16,30.76,32.13,31.09,31.42,14440.99,450957.47
2019-01-17,29.92,31.76,31.42,31.61,27639.33,848366.99
2019-01-18,30.55,31.71,31.61,30.92,18716.44,580940.32
2019-01-19,30.88,33.11,30.92,32.19,19678.69,636350.38
2019-01-20,30.0,33.09,32.19,30.6,34116.73,1062452.22
2019-01-21,30.38,31.25,30.6,30.89,12333.03,379731.64
2019-01-22,29.26,32.0,30.89,31.53,26568.75,819084.99
2019-01-23,31.25,32.12,31.53,31.62,14721.13,466642.03
2019-01-24,31.04,33.11,31.62,32.48,20898.59,672867.87
2019-01-25,31.86,32.95,32.48,32.75,17878.26,579104.17
2019-01-26,32.53,33.97,32.75,32.76,30382.07,1005452.82
2019-01-27,31.25,32.97,32.76,32.08,23416.25,755382.84
2019-01-28,29.87,32.21,32.08,30.87,46585.07,1429527.12
2019-01-29,29.9,31.18,30.87,30.75,26195.39,798854.05
2019-01-30,30.34,31.79,30.75,31.61,28432.68,891706.81
2019-01-31,30.85,32.13,31.61,31.26,19264.29,605134.88
2019-02-01,30.53,33.21,31.26,32.28,114118.1,3596074.05
2019-02-02,32.19,34.58,32.28,34.15,84174.13,2784735.26
2019-02-03,32.39,34.53,34.15,33.0,99992.64,3339109.57
2019-02-04,32.95,34.01,33.0,33.69,42482.06,1421839.22
2019-02-05,33.23,34.05,33.69,33.9,18653.87,628358.26
2019-02-06,31.91,34.06,33.9,32.49,46427.1,1510800.29
2019-02-07,32.39,33.2,32.49,32.75,19206.81,629879.4
2019-02-08,32.49,44.41,32.75,42.77,245880.62,9636885.37
2019-02-09,41.8,46.0,42.77,44.19,173123.01,7560619.46
2019-02-10,41.59,47.0,44.19,46.3,182580.41,8165568.36
2019-02-11,41.22,46.45,46.3,42.48,140203.28,6116582.76
2019-02-12,41.5,44.16,42.48,43.29,86867.55,3734392.1
2019-02-13,40.16,44.18,43.29,41.2,81063.85,3407842.31
2019-02-14,39.63,41.98,41.2,40.93,54435.37,2228282.31
2019-02-15,40.7,44.19,40.93,42.15,52678.04,2206598.01
2019-02-16,41.74,43.84,42.15,42.93,50359.76,2168480.98
2019-02-17,41.97,44.69,42.93,43.49,50401.77,2176934.02
2019-02-18,43.21,48.75,43.49,47.32,149749.96,6853248.41
2019-02-19,46.25,48.8,47.32,46.89,56841.82,2702002.65
2019-02-20,45.82,51.85,46.89,51.03,102623.75,5120633.76
2019-02-21,47.46,51.21,51.03,48.49,68141.45,3349404.16
2019-02-22,47.57,49.4,48.49,49.09,62519.06,3050183.92
2019-02-23,47.65,51.85,49.09,51.25,66938.18,3336430.33
2019-02-24,42.45,53.44,51.25,43.64,168183.13,7762294.7
2019-02-25,43.34,46.8,43.64,45.33,61816.47,2780898.5
2019-02-26,44.0,45.64,45.33,44.62,53603.1,2409376.9
2019-02-27,42.33,45.4,44.62,44.87,43193.13,1909677.81
2019-02-28,44.6,46.63,44.87,45.52,55715.15,2538970.34
2019-03-01,45.34,48.73,45.52,46.92,49226.35,2321943.16
2019-03-02,46.29,49.06,46.92,48.36,34325.23,1648693.63
2019-03-03,46.91,48.83,48.36,47.65,23875.78,1139575.52
2019-03-04,44.55,47.95,47.65,45.72,47296.58,2169470.99
2019-03-05,45.23,54.0,45.72,52.31,142828.21,7301688.26
2019-03-06,51.11,56.49,52.31,55.32,91735.82,4957225.86
2019-03-07,53.72,58.86,55.32,56.54,74271.39,4203343.34
2019-03-08,53.88,58.19,56.54,55.29,63597.19,3568542.58
2019-03-09,55.18,59.18,55.29,57.54,47138.95,2699698.68
2019-03-10,55.71,57.59,57.54,56.28,29606.28,1669818.05
2019-03-11,53.61,56.92,56.28,54.63,38983.44,2137325.1
2019-03-12,52.1,56.7,54.63,56.27,37998.24,2088326.14
2019-03-13,54.04,56.44,56.27,55.33,27040.39,1492389.16
2019-03-14,51.37,57.99,55.33,55.71,55426.35,3062026.72
2019-03-15,55.56,58.66,55.71,58.19,36803.32,2105457.15
2019-03-16,58.0,61.6,58.19,60.92,55525.47,3359645.49
2019-03-17,59.36,61.1,60.92,60.24,17618.65,1061691.12
2019-03-18,57.83,62.22,60.24,58.97,34588.6,2056946.64
2019-03-19,58.04,59.77,58.97,59.22,25062.52,1478561.02
2019-03-20,56.79,60.59,59.22,60.11,27381.87,1619909.51
2019-03-21,57.12,60.47,60.11,58.6,23521.97,1379047.28
2019-03-22,57.77,59.45,58.6,59.3,21957.85,1284600.3
2019-03-23,58.86,61.26,59.3,60.38,15834.81,956156.72
2019-03-24,58.63,60.53,60.38,59.57,15238.42,905262.1
2019-03-25,57.77,60.34,59.57,58.67,24039.5,1417822.49
2019-03-26,56.98,58.85,58.67,58.33,19988.51,1160425.32
2019-03-27,58.28,61.58,58.33,61.25,35784.41,2157763.88
2019-03-28,59.92,61.25,61.25,60.18,11970.43,722233.87
2019-03-29,59.77,61.44,60.18,61.16,30945.86,1874018.98
2019-03-30,59.65,61.42,61.16,60.2,27150.12,1641033.95
2019-03-31,59.7,60.52,60.2,60.41,11863.27,712530.18
2019-04-01,59.84,60.87,60.41,60.43,16257.98,980029.09
2019-04-02,60.15,79.13,60.43,77.57,143234.65,9896072.24
2019-04-03,76.01,99.62,77.57,85.67,314725.38,27764595.02
2019-04-04,80.51,90.3,85.67,84.67,92845.17,7917724.69
2019-04-05,84.21,90.25,84.67,88.6,59276.88,5195685.48
2019-04-06,85.26,97.79,88.6,92.65,57279.69,5282050.5
2019-04-07,88.8,95.45,92.65,91.82,28148.43,2596776.92
2019-04-08,86.36,94.19,91.82,89.64,41902.43,3747000.37
2019-04-09,83.88,89.64,89.64,86.95,27724.49,2410733.08
2019-04-10,86.51,91.8,86.95,88.09,38967.39,3469610.64
2019-04-11,75.25,88.79,88.09,79.44,104741.65,8371407.73
2019-04-12,75.53,81.04,79.44,79.09,50819.42,3987098.15
2019-04-13,76.22,81.61,79.09,77.97,24500.49,1940848.96
2019-04-14,76.4,83.87,77.97,83.71,28102.62,2252901.78
2019-04-15,74.45,84.72,83.71,78.35,55765.46,4421457.98
2019-04-16,77.11,81.83,78.35,81.08,35362.8,2817903.03
2019-04-17,78.52,82.11,81.08,79.27,20146.9,1612317.72
2019-04-18,79.26,83.93,79.27,82.08,42799.97,3500711.8
2019-04-19,79.99,83.71,82.08,82.45,26729.13,2188376.9
2019-04-20,79.67,83.11,82.45,81.47,15866.63,1291322.39
2019-04-21,73.42,82.29,81.47,77.51,56490.01,4309862.88
2019-04-22,75.45,78.29,77.51,76.8,35170.82,2708201.47
2019-04-23,73.89,79.75,76.8,74.16,43099.12,3344288.22
2019-04-24,70.43,75.21,74.16,73.11,55178.38,3998324.88
2019-04-25,69.02,74.74,73.11,70.75,54113.36,3926128.34
2019-04-26,68.74,73.34,70.75,71.7,46028.26,3270316.02
2019-04-27,70.13,71.81,71.7,70.27,9243.06,656119.41
2019-04-28,66.68,70.79,70.27,67.64,14464.3,989563.33
2019-04-29,64.82,68.38,67.64,66.5,26512.12,1755565.54
2019-04-30,66.5,74.08,66.5,73.17,33870.66,2388483.61
2019-05-01,71.03,74.78,73.17,72.53,31342.64,2273909.01
2019-05-02,71.43,73.45,72.53,72.45,20482.5,1485189.3
2019-05-03,71.93,80.0,72.45,77.75,59163.94,4567331.59
2019-05-04,73.75,81.53,77.75,77.31,44457.65,3425113.09
2019-05-05,74.5,77.33,77.31,74.75,19244.01,1458658.48
2019-05-06,70.99,76.17,74.75,74.25,46812.28,3439612.26
2019-05-07,72.68,77.98,74.25,73.25,59685.8,4495885.93
2019-05-08,71.16,75.0,73.25,73.69,36462.15,2663275.33
2019-05-09,72.19,75.56,73.69,73.95,40262.79,2972175.47
2019-05-10,72.32,79.17,73.95,76.76,61867.66,4702094.66
2019-05-11,76.76,96.0,76.76,87.88,148671.1,12932941.04
2019-05-12,83.01,94.44,87.88,84.71,146790.08,12954900.16
2019-05-13,84.09,93.46,84.71,87.87,105797.97,9443348.59
2019-05-14,85.83,94.6,87.87,91.49,120110.6,10857328.13
2019-05-15,90.46,104.44,91.49,102.15,149413.13,14655769.91
2019-05-16,90.15,107.53,102.15,95.68,129226.94,12689619.84
2019-05-17,81.66,97.49,95.68,89.85,126247.36,11097289.06
2019-05-18,85.37,90.4,89.85,86.93,19180.11,1685533.78
2019-05-19,86.3,97.34,86.93,95.0,77777.38,7292068.79
2019-05-20,87.34,95.0,95.0,91.55,52063.0,4755379.07
2019-05-21,89.48,93.49,91.55,91.43,22058.39,2019627.63
2019-05-22,85.59,92.58,91.43,87.71,46694.43,4177299.22
2019-05-23,84.73,89.88,87.71,88.98,28111.52,2445688.12
2019-05-24,88.38,103.99,88.98,100.61,106276.39,10314857.92
2019-05-25,99.32,104.98,100.61,103.1,45913.58,4714960.21
2019-05-26,99.25,114.79,103.1,112.75,54504.23,5795531.22
2019-05-27,110.64,122.16,112.75,116.39,133668.99,15397989.75
2019-05-28,111.42,118.35,116.39,114.88,51557.83,5897929.3
2019-05-29,108.4,118.42,114.88,115.21,67429.86,7736820.58
2019-05-30,102.0,120.8,115.21,108.17,135949.64,15288664.17
2019-05-31,104.01,115.02,108.17,114.21,59625.25,6511864.82
2019-06-01,107.27,116.22,114.21,112.27,36550.97,4118780.63
2019-06-02,111.2,116.73,112.27,114.78,25662.19,2939227.02
2019-06-03,104.52,116.26,114.78,105.95,73560.42,8101751.71
2019-06-04,97.59,114.5,105.95,102.0,94726.05,9730821.13
2019-06-05,100.06,105.29,102.0,104.0,34408.58,3549111.79
2019-06-06,101.0,112.2,104.0,111.35,56201.33,5909496.12
2019-06-07,109.97,121.29,111.35,117.15,72055.01,8319619.79
2019-06-08,114.03,119.79,117.15,118.51,22364.72,2615399.88
2019-06-09,111.35,119.2,118.51,115.07,41534.2,4767173.38
2019-06-10,112.59,130.5,115.07,129.92,99642.35,12334913.84
2019-06-11,125.41,139.1,129.92,136.29,116953.99,15436743.98
2019-06-12,130.45,144.88,136.29,135.97,150091.94,20724481.93
2019-06-13,128.02,137.0,135.97,130.94,72472.36,9647192.2
2019-06-14,125.75,133.35,130.94,132.9,71199.7,9263795.48
2019-06-15,132.88,140.17,132.9,138.06,38001.6,5184152.88
2019-06-16,133.67,139.1,138.06,136.79,47175.1,6427337.91
2019-06-17,132.1,137.29,136.79,134.0,45636.92,6151799.56
2019-06-18,128.75,137.03,134.0,135.0,58463.46,7776898.15
2019-06-19,133.55,139.99,135.0,136.62,54290.36,7452632.8
2019-06-20,133.34,137.2,136.62,135.52,37861.25,5117519.54
2019-06-21,135.36,141.56,135.52,138.88,83579.6,11531215.34
2019-06-22,137.78,146.0,138.88,141.46,108177.29,15309290.48
2019-06-23,135.52,142.27,141.46,136.44,64253.05,8966074.85
2019-06-24,132.12,136.5,136.44,135.22,78483.33,10537932.49
2019-06-25,128.73,138.41,135.22,135.71,71299.51,9575500.2
2019-06-26,123.94,138.1,135.71,130.53,162101.61,21635398.53
2019-06-27,108.6,132.22,130.53,113.95,240546.14,28385629.8
2019-06-28,112.35,121.74,113.95,119.33,96274.35,11272610.16
2019-06-29,114.99,136.37,119.33,133.36,144507.41,18364006.1
2019-06-30,119.47,136.89,133.36,122.01,134245.78,17146083.4
2019-07-01,113.32,126.38,122.01,122.49,118731.38,14164040.14
2019-07-02,111.89,123.39,122.49,118.62,104556.72,12175988.54
2019-07-03,117.18,123.2,118.62,121.82,51925.35,6272762.21
2019-07-04,118.6,127.49,121.82,119.55,53669.63,6588192.8
2019-07-05,116.49,120.78,119.55,118.6,38924.61,4622919.78
2019-07-06,117.23,122.32,118.6,118.15,22760.17,2719412.8
2019-07-07,117.08,121.2,118.15,120.11,26470.31,3151755.52
2019-07-08,118.26,125.75,120.11,123.37,40212.38,4858021.67
2019-07-09,117.92,124.71,123.37,119.29,37845.12,4573281.28
2019-07-10,102.39,120.45,119.29,108.31,172161.7,18770348.79
2019-07-11,95.1,108.31,108.31,103.27,156021.63,15751578.73
2019-07-12,100.59,107.27,103.27,105.14,40331.3,4220978.96
2019-07-13,97.46,105.38,105.14,101.11,57176.9,5803341.37
2019-07-14,88.02,101.76,101.11,89.73,103455.48,9605646.96
2019-07-15,84.7,93.19,89.73,90.61,83065.73,7369443.57
2019-07-16,77.0,91.93,90.61,79.59,95811.48,8002181.47
2019-07-17,76.86,94.99,79.59,90.35,178888.97,15725168.52
2019-07-18,87.11,104.93,90.35,101.2,143594.8,13822300.07
2019-07-19,94.69,101.62,101.2,98.8,78568.45,7710295.05
2019-07-20,97.62,106.05,98.8,100.5,62365.28,6329585.85
2019-07-21,96.49,101.57,100.5,99.8,41546.3,4103867.69
2019-07-22,90.91,100.9,99.8,95.21,67887.79,6418422.13
2019-07-23,88.5,95.21,95.21,89.77,48480.97,4421249.63
2019-07-24,86.91,97.24,89.77,94.43,73237.47,6730130.49
2019-07-25,91.56,96.82,94.43,93.42,32451.96,3063136.5
2019-07-26,90.17,94.76,93.42,94.1,25850.0,2400444.32
2019-07-27,86.59,96.55,94.1,88.81,59878.98,5393853.45
2019-07-28,83.35,91.0,88.81,90.06,37724.63,3319685.9
2019-07-29,87.31,92.62,90.06,90.28,35017.62,3154135.87
2019-07-30,88.45,92.79,90.28,90.36,18467.73,1677762.53
2019-07-31,90.28,100.19,90.36,98.78,68380.53,6539266.69
2019-08-01,95.8,102.8,98.78,98.99,37040.31,3650556.53
2019-08-02,92.66,98.99,98.99,94.7,34120.14,3245676.63
2019-08-03,93.67,96.72,94.7,94.31,17522.08,1666401.82
2019-08-04,90.39,94.8,94.31,93.08,27388.73,2531092.46
2019-08-05,93.08,107.14,93.08,96.18,107145.94,10680742.7
2019-08-06,90.8,99.17,96.18,93.12,79714.89,7570142.29
2019-08-07,87.25,94.4,93.12,90.6,50584.53,4591682.19
2019-08-08,87.79,92.8,90.6,89.99,35268.58,3159139.74
2019-08-09,82.4,90.22,89.99,84.24,54391.88,4640292.84
2019-08-10,80.7,87.23,84.24,85.15,43737.01,3712379.98
2019-08-11,85.11,91.35,85.15,89.85,27069.65,2397876.04
2019-08-12,85.33,89.95,89.85,85.67,22547.1,1961532.66
2019-08-13,82.95,86.53,85.67,84.35,32966.08,2789726.99
2019-08-14,74.76,85.92,84.35,75.62,69325.76,5471985.14
2019-08-15,70.94,77.66,75.62,76.19,56388.09,4191841.29
2019-08-16,72.28,76.37,76.19,74.99,21712.7,1618679.55
2019-08-17,71.66,75.28,74.99,72.78,16998.61,1248444.15
2019-08-18,71.29,78.0,72.78,76.2,34120.31,2591821.49
2019-08-19,75.57,79.0,76.2,77.19,24557.32,1891473.54
2019-08-20,73.32,77.25,77.19,75.11,15358.58,1156092.55
2019-08-21,70.0,75.39,75.11,73.06,38139.83,2768140.27
2019-08-22,70.99,74.48,73.06,73.56,25212.08,1840149.3
2019-08-23,72.55,76.0,73.56,75.56,20782.59,1541192.38
2019-08-24,71.31,75.56,75.56,73.28,11761.49,858207.22
2019-08-25,70.72,74.92,73.28,72.15,23688.05,1726136.09
2019-08-26,72.15,75.57,72.15,73.43,25750.42,1902071.96
2019-08-27,72.03,73.59,73.43,72.82,7771.01,564855.62
2019-08-28,64.67,73.03,72.82,66.72,78348.57,5295238.93
2019-08-29,62.04,66.72,66.72,63.41,37319.15,2406757.39
2019-08-30,62.22,65.53,63.41,64.15,16761.72,1069840.72
2019-08-31,62.34,65.3,64.15,64.41,10402.7,662739.92
2019-09-01,64.13,67.32,64.41,66.15,16163.74,1060940.87
2019-09-02,64.92,68.15,66.15,67.14,14044.63,933624.44
2019-09-03,66.7,71.0,67.14,69.0,31078.23,2137203.53
2019-09-04,66.69,69.28,69.0,67.16,20414.21,1380726.92
2019-09-05,64.3,67.46,67.16,65.37,15612.59,1022702.41
2019-09-06,64.02,68.13,65.37,65.02,35574.83,2355074.39
2019-09-07,64.74,70.6,65.02,68.81,25963.53,1784337.6
2019-09-08,68.2,71.67,68.81,70.55,29564.01,2070428.38
2019-09-09,67.8,71.58,70.55,70.11,17411.26,1210085.27
2019-09-10,69.75,73.1,70.11,70.84,16783.65,1194356.23
2019-09-11,68.18,71.61,70.84,69.79,16958.95,1184126.47
2019-09-12,68.41,70.06,69.79,69.21,7896.43,545898.04
2019-09-13,67.36,69.63,69.21,68.83,18154.11,1243311.19
2019-09-14,68.29,71.46,68.83,70.64,10363.17,723623.83
2019-09-15,69.67,71.4,70.64,70.05,5051.11,354655.76
2019-09-16,69.52,73.84,70.05,72.76,41772.05,2976425.24
2019-09-17,72.25,77.6,72.76,74.16,38608.63,2875618.07
2019-09-18,74.16,80.15,74.16,77.6,42004.57,3237810.33
2019-09-19,72.63,77.69,77.6,76.92,66286.04,4957236.29
2019-09-20,72.52,77.11,76.92,75.02,35981.78,2689645.6
2019-09-21,72.0,75.44,75.02,73.24,32038.63,2363331.3
2019-09-22,71.0,73.24,73.24,72.48,16810.82,1210982.75
2019-09-23,61.78,74.09,72.48,66.47,52908.58,3590689.93
2019-09-24,54.59,67.25,66.47,54.66,138235.1,8313737.71
2019-09-25,53.13,58.41,54.66,57.47,100648.62,5626487.12
2019-09-26,50.2,57.47,57.47,55.03,79011.02,4259487.05
2019-09-27,52.68,56.85,55.03,56.06,47738.87,2622357.26
2019-09-28,53.85,56.34,56.06,55.33,26395.42,1460970.64
2019-09-29,52.22,55.7,55.33,53.87,19571.88,1050458.22
2019-09-30,52.44,56.41,53.87,56.15,29569.79,1618439.16
2019-10-01,54.76,57.74,56.15,55.71,26487.95,1488350.15
2019-10-02,55.3,56.7,55.71,56.42,22022.92,1233555.34
2019-10-03,53.77,57.11,56.42,56.37,18152.57,1000809.1
2019-10-04,55.29,57.5,56.37,56.57,18766.88,1060998.43
2019-10-05,55.71,57.27,56.57,56.93,17940.79,1011899.06
2019-10-06,53.08,56.93,56.93,54.51,32845.23,1808304.47
2019-10-07,53.26,58.69,54.51,57.61,25531.99,1448378.11
2019-10-08,56.54,58.42,57.61,57.05,9588.12,547836.41
2019-10-09,56.76,60.14,57.05,59.24,29488.11,1736382.67
2019-10-10,57.15,59.4,59.24,57.68,11460.46,667416.0
2019-10-11,55.45,58.63,57.68,55.77,28028.35,1584198.81
2019-10-12,55.58,56.53,55.77,55.78,2962.77,165830.93
2019-10-13,55.58,57.95,55.78,56.59,10413.19,591708.7
2019-10-14,56.15,57.18,56.59,56.83,6762.0,383740.21
2019-10-15,53.45,57.37,56.83,54.63,41155.32,2254371.48
2019-10-16,51.07,55.4,54.63,52.48,43064.71,2264163.0
2019-10-17,51.18,55.22,52.48,54.89,17579.8,941017.07
2019-10-18,52.2,54.9,54.89,53.31,17121.64,915316.57
2019-10-19,52.62,54.19,53.31,53.74,9395.39,503314.03
2019-10-20,52.73,55.46,53.74,54.9,12211.97,658827.37
2019-10-21,53.74,55.78,54.9,54.73,17553.15,960828.58
2019-10-22,53.03,55.08,54.73,53.45,9897.02,537721.56
2019-10-23,47.24,53.49,53.45,49.52,45507.89,2252884.06
2019-10-24,48.43,50.36,49.52,49.68,20423.67,1007204.2
2019-10-25,49.1,58.79,49.68,56.77,81631.6,4459471.21
2019-10-26,54.25,64.0,56.77,56.83,116005.23,6786033.43
2019-10-27,55.82,62.94,56.83,59.95,50147.86,2971290.56
2019-10-28,57.6,62.49,59.95,57.92,40683.65,2402492.9
2019-10-29,57.8,61.0,57.92,59.82,32902.0,1957005.61
2019-10-30,56.87,61.21,59.82,57.92,22590.77,1319207.95
2019-10-31,57.12,59.7,57.92,58.5,35921.36,2092129.69
2019-11-01,56.58,58.89,58.5,58.43,9678.95,558886.52
2019-11-02,57.87,59.34,58.43,58.41,13446.54,786585.41
2019-11-03,57.33,58.77,58.41,58.45,11400.42,658968.8
2019-11-04,57.94,62.76,58.45,61.45,32273.77,1960531.36
2019-11-05,60.89,64.25,61.45,63.11,27220.53,1708626.81
2019-11-06,62.61,64.3,63.11,64.21,12743.3,806962.44
2019-11-07,60.23,64.28,64.21,61.33,17981.04,1122951.89
2019-11-08,58.75,62.33,61.33,60.22,23799.88,1436728.34
2019-11-09,60.18,62.28,60.22,62.05,8704.38,533926.02
2019-11-10,60.92,66.29,62.05,63.73,54057.25,3444998.73
2019-11-11,60.38,64.33,63.73,61.6,25560.88,1586085.66
2019-11-12,59.35,62.15,61.6,61.16,17364.89,1059680.68
2019-11-13,60.18,61.85,61.16,60.86,7264.42,442771.13
2019-11-14,58.32,60.97,60.86,58.84,10501.08,621664.38
2019-11-15,55.0,60.73,58.84,57.38,32711.73,1890181.15
2019-11-16,57.14,58.92,57.38,58.38,6656.02,387163.64
2019-11-17,57.51,59.98,58.38,59.14,11354.32,671146.21
2019-11-18,53.78,59.33,59.14,55.77,33885.96,1891894.59
2019-11-19,54.13,56.15,55.77,55.08,20248.97,1114636.62
2019-11-20,54.51,56.08,55.08,54.87,9167.41,506714.75
2019-11-21,48.1,55.17,54.87,50.59,43126.85,2219442.8
2019-11-22,43.56,51.6,50.59,47.52,91740.92,4323114.91
2019-11-23,46.28,48.63,47.52,48.31,15179.96,720678.82
2019-11-24,43.56,48.31,48.31,44.0,35641.61,1632051.64
2019-11-25,42.17,47.43,44.0,45.79,76523.04,3457549.39
2019-11-26,45.32,47.57,45.79,47.0,24637.62,1146427.55
2019-11-27,44.6,48.8,47.0,47.78,42211.66,1983240.28
2019-11-28,46.3,48.11,47.78,46.93,11671.39,553334.99
2019-11-29,46.92,49.36,46.93,48.73,20294.27,981714.31
2019-11-30,46.72,48.73,48.73,47.37,11283.27,540260.59
2019-12-01,45.51,48.41,47.37,47.54,16337.45,767023.58
2019-12-02,44.77,47.66,47.54,45.55,30663.3,1395962.52
2019-12-03,44.25,46.25,45.55,44.82,14759.82,668390.98
2019-12-04,43.76,47.15,44.82,44.71,44289.31,2007539.08
2019-12-05,43.81,45.22,44.71,44.82,16319.75,728387.42
2019-12-06,44.14,45.58,44.82,45.48,11589.76,518045.1
2019-12-07,45.0,46.69,45.48,45.19,10953.33,501030.09
2019-12-08,44.93,46.34,45.19,45.62,7409.77,337207.93
2019-12-09,44.02,45.94,45.62,44.47,14418.47,652668.26
2019-12-10,43.62,44.59,44.47,44.12,12918.51,570062.44
2019-12-11,43.25,44.38,44.12,43.63,8685.83,380594.11
2019-12-12,42.74,44.06,43.63,43.62,6708.35,292280.09
2019-12-13,43.3,44.49,43.62,44.4,3195.44,140387.66
2019-12-14,43.22,44.55,44.4,43.22,4507.88,196258.44
2019-12-15,42.9,43.88,43.22,43.4,5381.95,233802.45
2019-12-16,38.96,43.51,43.4,39.85,23867.87,971274.62
2019-12-17,36.09,40.01,39.85,36.88,31952.64,1218729.47
2019-12-18,35.8,41.64,36.88,40.93,32640.66,1271917.81
2019-12-19,39.02,41.13,40.93,39.55,13929.79,553958.18
2019-12-20,39.28,40.44,39.55,40.23,5591.74,223123.07
2019-12-21,39.5,40.23,40.23,39.64,2038.36,81205.72
2019-12-22,39.64,42.19,39.64,41.99,14022.13,579481.17
2019-12-23,40.19,42.68,41.99,40.66,15646.17,652508.54
2019-12-24,39.71,41.09,40.66,40.31,13101.4,529347.42
2019-12-25,39.56,40.38,40.31,40.04,2039.32,81634.51
2019-12-26,39.6,41.62,40.04,39.85,7343.54,298448.05
2019-12-27,39.6,41.19,39.85,40.94,7108.33,287840.05
2019-12-28,40.86,43.68,40.94,42.69,47492.5,2015004.03
2019-12-29,42.01,43.73,42.69,43.06,33292.24,1423716.41
2019-12-30,41.75,44.02,43.06,42.26,26269.92,1119817.19
2019-12-31,40.85,42.87,42.26,41.09,15771.64,657756.44
2020-01-01,41.0,41.97,41.09,41.39,3202.84,132752.57
2020-01-02,38.97,41.61,41.39,39.28,13464.37,537963.59
2020-01-03,38.61,42.35,39.28,42.15,41355.5,1696013.31
2020-01-04,41.74,42.8,42.15,42.79,17694.6,748682.58
2020-01-05,42.58,44.5,42.79,43.25,6149.57,267121.67
2020-01-06,43.16,46.12,43.25,45.82,18222.38,824056.08
2020-01-07,44.47,46.94,45.82,46.39,54066.25,2475740.95
2020-01-08,44.11,48.62,46.39,45.32,64869.29,3011351.62
2020-01-09,43.91,45.79,45.32,44.88,27622.11,1239509.56
2020-01-10,43.73,49.67,44.88,49.22,33918.4,1608022.95
2020-01-11,47.79,51.91,49.22,49.34,39821.13,1982965.89
2020-01-12,48.81,51.61,49.34,51.33,15980.03,805985.93
2020-01-13,48.88,51.47,51.33,49.51,35569.13,1777718.37
2020-01-14,49.51,60.79,49.51,58.61,87153.69,4896908.78
2020-01-15,55.36,60.39,58.61,58.01,36906.6,2140514.02
2020-01-16,54.72,58.33,58.01,57.72,22141.34,1245341.81
2020-01-17,56.71,63.31,57.72,61.08,54181.28,3250548.26
2020-01-18,57.98,62.39,61.08,59.18,32428.95,1943852.99
2020-01-19,55.28,62.43,59.18,57.65,32720.83,1897333.62
2020-01-20,55.67,58.11,57.65,57.25,15520.9,885326.25
2020-01-21,55.8,58.0,57.25,57.68,11511.69,657195.4
2020-01-22,57.15,59.13,57.68,58.06,12097.94,702274.43
2020-01-23,52.2,58.19,58.06,54.38,33585.45,1833291.51
2020-01-24,50.47,55.29,54.38,54.15,26562.67,1402352.34
2020-01-25,52.18,54.33,54.15,53.29,9355.81,496503.25
2020-01-26,52.78,56.48,53.29,56.22,16866.52,919328.09
2020-01-27,55.83,59.5,56.22,58.57,19706.96,1146093.0
2020-01-28,57.19,61.48,58.57,60.76,29374.53,1750503.32
2020-01-29,59.52,62.38,60.76,59.87,20543.15,1248653.2
2020-01-30,57.98,70.17,59.87,68.04,58152.86,3783222.02
2020-01-31,65.35,69.89,68.04,67.83,38367.57,2583829.56
2020-02-01,67.59,72.76,67.83,70.71,31519.71,2242212.21
2020-02-02,67.62,73.4,70.71,69.67,28233.24,1990531.5
2020-02-03,68.5,72.93,69.67,69.58,22634.16,1586655.95
2020-02-04,66.49,70.27,69.58,67.84,26436.47,1797852.14
2020-02-05,67.52,73.45,67.84,72.44,37436.41,2670352.29
2020-02-06,70.95,74.99,72.44,73.38,39155.13,2868674.76
2020-02-07,72.76,75.45,73.38,74.34,33467.89,2473216.65
2020-02-08,71.59,78.0,74.34,76.79,30043.84,2270424.89
2020-02-09,75.0,78.5,76.79,77.13,19929.25,1534333.68
2020-02-10,72.28,77.52,77.13,74.27,33434.26,2486203.78
2020-02-11,72.62,77.54,74.27,77.0,29534.74,2221501.45
2020-02-12,76.85,82.98,77.0,81.25,60741.92,4835516.89
2020-02-13,77.11,84.44,81.25,80.49,62095.2,4998320.47
2020-02-14,78.7,83.78,80.49,83.25,27904.02,2274223.99
2020-02-15,74.99,83.55,83.25,76.53,61119.96,4824195.74
2020-02-16,67.17,80.49,76.53,74.99,54104.09,3965616.92
2020-02-17,68.68,75.44,74.99,73.4,48598.88,3460554.39
2020-02-18,70.36,79.13,73.4,77.3,42073.13,3145502.68
2020-02-19,67.37,79.78,77.3,70.61,76101.03,5671624.64
2020-02-20,65.77,72.31,70.61,69.68,45332.76,3147323.67
2020-02-21,68.7,75.38,69.68,73.44,27916.81,2033282.45
2020-02-22,63.5,76.85,73.44,75.09,42395.52,3133685.59
2020-02-23,74.84,80.29,75.09,79.77,46265.03,3637267.24
2020-02-24,71.74,80.0,79.77,75.63,48911.61,3682236.2
2020-02-25,69.58,75.85,75.63,70.73,43132.04,3101983.81
2020-02-26,57.49,71.9,70.73,60.56,129257.13,8292288.45
2020-02-27,57.12,65.43,60.56,61.59,78758.07,4836367.41
2020-02-28,56.71,63.58,61.59,60.02,67461.25,4054990.3
2020-02-29,57.97,61.61,60.02,58.13,28369.42,1690494.02
2020-03-01,56.15,60.34,58.13,57.9,32763.4,1902399.33
2020-03-02,57.26,62.41,57.9,61.38,55234.12,3331961.79
2020-03-03,59.47,62.53,61.38,60.87,57182.9,3480546.12
2020-03-04,58.82,61.81,60.87,60.28,35070.4,2113109.78
2020-03-05,60.58,63.34,60.62,61.86,42015.71,2617472.62
2020-03-06,61.3,63.85,61.86,63.29,54791.26,3428690.28
2020-03-07,60.1,63.98,63.29,60.51,32026.36,1984497.09
2020-03-08,50.22,60.51,60.51,51.09,95967.16,5249166.84
2020-03-09,46.21,52.53,51.09,50.46,124071.91,6118170.18
2020-03-10,48.78,51.47,50.46,50.14,43469.02,2185726.87
2020-03-11,45.49,50.76,50.14,48.6,94511.58,4529644.87
2020-03-12,28.8,48.82,48.6,30.76,375186.92,13654922.77
2020-03-13,24.53,40.76,30.76,37.9,309628.4,10203838.04
2020-03-14,33.82,38.01,37.9,34.35,80401.0,2898267.57
2020-03-15,34.0,38.93,34.35,36.3,74255.91,2683193.31
2020-03-16,29.21,36.3,36.3,33.47,157902.13,5094743.79
2020-03-17,32.59,36.07,33.47,34.45,74133.68,2574619.46
2020-03-18,32.46,34.9,34.45,34.64,89180.38,2995818.58
2020-03-19,34.08,40.93,34.64,39.05,158359.19,5991992.86
2020-03-20,34.01,43.9,39.05,38.12,149870.31,5984833.05
2020-03-21,36.26,39.85,38.12,38.42,90725.44,3444650.26
2020-03-22,34.8,39.69,38.42,35.41,52140.66,1928765.83
2020-03-23,34.63,40.31,35.41,39.08,67348.13,2550912.85
2020-03-24,38.4,41.07,39.08,40.72,69531.6,2773814.38
2020-03-25,38.15,41.16,40.72,39.25,53909.58,2129823.93
2020-03-26,38.53,40.61,39.25,40.61,38673.62,1518962.53
2020-03-27,37.47,41.38,40.61,38.17,54726.97,2183135.5
2020-03-28,36.64,39.51,38.17,38.97,67682.33,2553626.28
2020-03-29,37.01,39.17,38.97,37.1,31641.78,1198821.86
2020-03-30,37.1,39.79,37.1,39.09,23849.9,924108.53
2020-03-31,38.45,39.37,39.09,39.35,17666.23,688333.69
2020-04-01,37.2,39.61,39.35,39.3,35413.58,1357534.74
2020-04-02,39.11,43.04,39.3,39.83,49482.98,2004271.08
2020-04-03,39.71,41.32,39.83,40.62,30124.54,1223489.68
2020-04-04,40.01,41.37,40.62,40.8,15361.02,621583.79
2020-04-05,39.95,41.07,40.8,40.47,17496.78,708948.93
2020-04-06,40.38,45.18,40.47,45.1,67402.78,2910836.27
2020-04-07,43.75,47.65,45.1,44.8,65700.01,3011836.5
2020-04-08,44.34,47.25,44.8,46.57,26786.38,1237227.63
2020-04-09,44.75,46.92,46.57,46.34,22929.87,1057253.31
2020-04-10,40.93,46.4,46.34,42.16,57660.71,2463776.59
2020-04-11,41.5,43.16,42.16,42.68,18706.17,792412.35
2020-04-12,41.93,43.76,42.68,42.0,27337.12,1175141.21
2020-04-13,39.35,42.0,42.0,41.29,37382.22,1515606.58
2020-04-14,40.64,41.93,41.29,41.25,22480.08,929777.15
2020-04-15,39.07,41.72,41.25,39.31,22226.7,897098.19
2020-04-16,37.17,43.77,39.31,42.34,77529.72,3191828.83
2020-04-17,41.62,43.0,42.34,42.35,18664.57,787047.03
2020-04-18,42.16,44.53,42.35,44.25,15849.84,685403.63
2020-04-19,41.6,44.25,44.25,42.32,13771.77,588414.53
2020-04-20,39.56,43.28,42.32,40.25,63930.18,2603294.41
2020-04-21,40.11,41.3,40.25,40.65,15537.38,632037.83
2020-04-22,40.33,42.41,40.65,41.81,26695.68,1114609.76
2020-04-23,41.06,43.99,41.81,42.9,37272.94,1603218.43
2020-04-24,42.9,45.13,42.9,44.51,56401.69,2484668.91
2020-04-25,43.95,45.6,44.51,44.34,23102.31,1035360.54
2020-04-26,43.82,45.37,44.34,44.65,21844.6,972170.45
2020-04-27,43.23,45.3,44.65,44.59,50462.8,2234191.31
2020-04-28,43.45,46.25,44.59,45.8,30027.91,1340778.21
2020-04-29,45.74,50.16,45.8,48.78,97412.98,4660874.52
2020-04-30,45.68,50.92,48.78,46.26,96824.05,4643435.25
2020-05-01,46.26,48.39,46.26,47.04,23713.27,1124930.36
2020-05-02,46.8,49.61,47.04,49.24,19447.26,937383.28
2020-05-03,46.63,50.08,49.24,48.1,28507.21,1381074.3
2020-05-04,45.14,48.2,48.1,47.12,27292.82,1267016.44
2020-05-05,45.77,47.85,47.12,46.64,36185.46,1694872.0
2020-05-06,44.5,47.69,46.64,45.0,52817.03,2450223.43
2020-05-07,44.44,48.25,45.0,47.47,111678.09,5184765.3
2020-05-08,46.4,48.5,47.47,47.72,51233.05,2435404.9
2020-05-09,46.77,49.06,47.72,47.0,53876.85,2585156.85
2020-05-10,38.78,47.0,47.0,42.19,121307.13,5105633.3
2020-05-11,39.45,42.9,42.19,41.73,65056.56,2663648.16
2020-05-12,41.25,42.88,41.73,42.19,30977.42,1304388.13
2020-05-13,41.97,43.8,42.19,43.26,40780.58,1750597.42
2020-05-14,42.21,44.43,43.26,44.06,55226.03,2406838.38
2020-05-15,41.88,44.19,44.06,42.78,56280.6,2423305.13
2020-05-16,42.52,43.85,42.78,43.22,41794.12,1808111.17
2020-05-17,43.13,44.5,43.22,43.68,49435.53,2179602.63
2020-05-18,43.68,46.62,43.68,45.32,93037.34,4247101.16
2020-05-19,44.04,45.83,45.32,45.78,39031.38,1754034.06
2020-05-20,43.05,46.17,45.78,44.17,78450.65,3498847.62
2020-05-21,41.55,44.6,44.17,42.67,59786.47,2569768.26
2020-05-22,42.34,44.69,42.67,44.17,31154.95,1357815.39
2020-05-23,43.72,44.69,44.17,43.9,20133.71,888977.59
2020-05-24,42.03,44.55,43.9,42.1,42430.33,1836274.46
2020-05-25,41.7,43.31,42.1,42.95,29796.02,1272091.42
2020-05-26,41.76,43.06,42.95,42.3,23766.94,1008585.94
2020-05-27,42.28,44.04,42.3,43.88,46357.93,1997494.7
2020-05-28,43.17,44.94,43.88,44.78,33200.1,1460794.44
2020-05-29,44.18,45.25,44.8,44.52,24213.49,1080829.57
2020-05-30,44.2,48.23,44.52,47.76,59992.43,2796368.77
2020-05-31,45.08,47.77,47.76,45.57,28348.16,1322453.74
2020-06-01,45.36,48.96,45.57,48.29,41988.73,1990372.0
2020-06-02,44.58,49.93,48.29,46.05,79416.69,3771444.74
2020-06-03,45.38,47.51,46.05,47.12,18992.11,882584.48
2020-06-04,46.38,48.13,47.12,47.47,56804.82,2687477.2
2020-06-05,46.43,47.97,47.47,46.84,41631.13,1965692.94
2020-06-06,45.99,47.23,46.84,46.79,16977.22,791366.28
2020-06-07,45.08,47.01,46.79,46.55,25242.96,1164131.68
2020-06-08,45.97,46.79,46.55,46.48,22017.87,1020286.48
2020-06-09,20.0,46.88,46.48,45.92,56926.01,2398944.05
2020-06-10,45.64,47.22,45.92,46.62,43036.14,1992578.12
2020-06-11,42.01,46.95,46.62,43.17,62757.49,2783179.45
2020-06-12,42.76,45.31,43.17,44.69,28765.97,1274344.45
2020-06-13,44.31,45.2,44.69,45.11,13730.49,613944.41
2020-06-14,43.59,45.11,45.11,43.99,21941.97,972342.1
2020-06-15,41.68,44.09,43.99,43.85,47968.73,2059686.44
2020-06-16,43.34,44.2,43.85,43.79,25457.53,1113911.63
2020-06-17,43.0,45.0,43.79,44.06,31177.52,1377131.77
2020-06-18,42.84,44.17,44.06,43.44,22407.98,977589.31
2020-06-19,42.6,43.68,43.44,42.87,32405.86,1399285.55
2020-06-20,42.22,43.83,42.87,43.58,22371.25,959826.04
2020-06-21,42.83,43.79,43.58,42.94,14207.68,614781.18
2020-06-22,42.93,44.62,42.94,44.35,30794.1,1354139.96
2020-06-23,43.9,44.45,44.35,44.15,11075.33,488773.73
2020-06-24,42.1,44.63,44.15,42.63,56374.65,2432801.46
2020-06-25,41.6,42.92,42.63,42.32,34803.62,1473744.96
2020-06-26,41.29,43.52,42.32,43.08,40246.59,1711562.39
2020-06-27,39.17,43.09,43.08,41.04,48857.33,2013111.01
2020-06-28,40.46,42.06,41.04,41.37,19151.39,790426.97
2020-06-29,40.59,42.26,41.37,41.9,54476.31,2252155.23
2020-06-30,40.73,42.05,41.9,41.22,22698.07,936739.17
2020-07-01,41.0,42.03,41.22,41.83,36021.05,1499729.66
2020-07-02,40.32,41.92,41.83,41.06,41006.26,1688349.33
2020-07-03,40.93,41.68,41.06,41.19,13725.35,567043.89
2020-07-04,41.19,42.24,41.19,42.08,21751.77,907718.74
2020-07-05,40.77,42.23,42.08,41.63,19444.92,807601.34
2020-07-06,41.57,44.27,41.63,44.07,64873.58,2793426.61
2020-07-07,43.0,44.38,44.07,43.41,44092.29,1914491.5
2020-07-08,43.14,46.33,43.41,45.34,91961.57,4122135.65
2020-07-09,43.55,45.86,45.34,44.4,36975.66,1656754.02
2020-07-10,42.99,44.58,44.4,44.32,66521.35,2901360.86
2020-07-11,44.0,44.74,44.32,44.74,14781.33,655147.05
2020-07-12,43.65,45.25,44.74,44.66,30731.4,1370388.08
2020-07-13,42.52,45.53,44.66,43.91,40689.36,1804691.02
2020-07-14,42.9,44.07,43.91,43.88,17586.67,765286.46
2020-07-15,42.85,44.05,43.88,43.27,26397.88,1144136.76
2020-07-16,40.81,43.43,43.27,42.08,47806.99,2005583.51
2020-07-17,41.65,42.43,42.08,41.86,24092.04,1011379.21
2020-07-18,41.73,42.91,41.86,42.46,17778.07,752807.66
2020-07-19,41.9,42.89,42.46,42.67,11514.79,487040.67
2020-07-20,41.44,42.76,42.67,41.98,15947.36,671402.89
2020-07-21,41.98,44.13,41.98,43.81,27729.92,1206689.39
2020-07-22,43.22,45.19,43.81,45.09,37909.11,1670073.81
2020-07-23,44.57,45.67,45.09,45.0,48500.86,2185548.87
2020-07-24,44.0,45.0,45.0,44.21,27264.87,1211097.35
2020-07-25,44.08,49.6,44.21,49.16,92310.07,4393836.9
2020-07-26,47.65,50.86,49.16,48.09,81290.22,3970914.64
2020-07-27,46.94,55.99,48.09,53.36,180516.11,9171777.16
2020-07-28,51.71,57.94,53.36,55.91,109432.04,5993658.71
2020-07-29,54.58,56.99,55.91,55.22,90462.32,5056651.01
2020-07-30,53.9,58.67,55.22,56.8,102035.02,5704284.81
2020-07-31,55.8,59.24,56.8,58.2,72082.29,4154482.75
2020-08-01,57.63,62.38,58.2,61.68,109499.71,6597589.52
2020-08-02,51.92,65.29,61.68,56.85,133090.93,7813293.08
2020-08-03,55.65,60.11,56.85,58.55,59257.69,3458208.46
2020-08-04,56.38,59.64,58.55,57.64,51258.8,2968420.48
2020-08-05,56.76,59.89,57.64,58.91,62805.91,3686490.63
2020-08-06,57.76,60.73,58.91,59.07,53998.74,3201226.69
2020-08-07,54.69,61.11,59.07,57.24,99706.47,5846904.23
2020-08-08,56.55,58.61,57.24,58.5,23020.26,1328515.98
2020-08-09,56.12,58.77,58.5,57.0,26656.36,1526555.16
2020-08-10,55.75,59.49,57.0,58.4,45746.7,2657732.94
2020-08-11,52.4,59.74,58.4,54.15,80317.54,4500777.3
2020-08-12,51.5,55.09,54.15,54.52,50103.88,2710411.79
2020-08-13,51.87,57.42,54.52,57.08,43559.94,2374819.64
2020-08-14,55.98,57.94,57.08,56.72,33558.71,1904714.09
2020-08-15,56.42,60.88,56.72,59.97,39628.81,2349147.08
2020-08-16,57.72,65.0,59.97,63.87,79369.27,4910651.11
2020-08-17,61.43,68.98,63.87,67.31,107468.27,7006124.83
2020-08-18,63.36,68.52,67.31,65.53,83274.6,5509346.42
2020-08-19,58.9,67.13,65.53,62.14,96119.42,5976321.28
2020-08-20,61.1,63.69,62.14,62.92,47533.83,2969366.48
2020-08-21,58.83,63.88,62.92,59.12,61349.98,3753205.41
2020-08-22,57.74,60.54,59.12,60.26,41142.94,2438195.21
2020-08-23,58.02,61.62,60.26,60.56,28938.05,1725747.47
2020-08-24,59.99,63.04,60.56,62.16,57690.12,3585849.97
2020-08-25,56.53,62.26,62.16,58.62,62953.66,3699487.46
2020-08-26,57.03,59.22,58.62,58.14,34281.57,1993821.13
2020-08-27,53.94,59.32,58.14,56.09,67563.18,3835100.17
2020-08-28,55.39,58.26,56.09,57.4,47397.81,2709323.55
2020-08-29,56.9,58.21,57.4,56.99,30689.06,1766669.26
2020-08-30,56.99,62.88,56.99,62.88,41402.23,2496276.4
2020-08-31,60.58,63.64,62.88,60.96,38004.78,2356418.89
2020-09-01,59.8,64.36,60.96,62.69,114018.52,7147389.22
2020-09-02,56.1,63.2,62.69,58.12,91780.57,5431510.36
2020-09-03,45.54,58.66,58.12,47.55,154527.72,8256189.02
2020-09-04,46.46,52.4,47.55,50.54,145782.15,7210230.1
2020-09-05,45.08,51.32,50.54,47.45,141317.31,6849681.4
2020-09-06,46.45,49.2,47.45,47.95,52470.25,2515188.45
2020-09-07,45.3,49.12,47.95,48.82,85455.97,4048747.34
2020-09-08,46.01,49.31,48.82,47.42,89795.23,4302175.19
2020-09-09,46.57,48.87,47.42,47.83,44130.68,2107366.54
2020-09-10,47.83,49.48,47.83,48.73,41770.36,2036489.02
2020-09-11,47.4,49.33,48.73,48.99,58338.85,2832477.0
2020-09-12,48.44,51.31,48.99,50.86,40598.66,2010099.84
2020-09-13,47.26,50.86,50.86,48.11,37890.75,1863448.76
2020-09-14,47.17,49.68,48.11,49.1,46504.06,2257404.14
2020-09-15,48.2,50.36,49.1,48.32,45044.05,2221196.94
2020-09-16,47.0,48.78,48.32,47.74,43764.65,2101503.95
2020-09-17,47.74,49.64,47.74,48.88,37664.69,1828677.42
2020-09-18,47.49,49.06,48.88,48.45,38937.6,1888326.74
2020-09-19,48.0,49.0,48.45,48.58,16719.22,810308.55
2020-09-20,46.2,48.58,48.58,47.11,27067.0,1277741.89
2020-09-21,41.59,47.63,47.11,43.18,67745.22,2991773.62
2020-09-22,42.78,44.82,43.18,44.45,30338.12,1326194.62
2020-09-23,42.27,45.07,44.45,42.92,29997.0,1312252.05
2020-09-24,42.6,45.29,42.92,44.97,33009.67,1459930.02
2020-09-25,43.94,46.56,44.97,45.9,38940.05,1770782.47
2020-09-26,45.16,46.53,45.9,46.03,10275.67,472805.23
2020-09-27,44.64,46.61,46.03,46.02,17782.22,814075.94
2020-09-28,44.81,47.12,46.02,45.26,23248.33,1077840.78
2020-09-29,44.94,45.83,45.26,45.71,15447.71,702056.98
2020-09-30,45.43,46.66,45.71,46.21,17430.49,801784.1
2020-10-01,45.02,48.49,46.21,46.27,55334.69,2588203.85
2020-10-02,43.21,46.9,46.27,44.94,35554.76,1602696.25
2020-10-03,44.76,45.99,44.94,45.53,12580.07,572117.06
2020-10-04,45.31,47.04,45.53,46.71,8205.7,380364.62
2020-10-05,45.56,47.04,46.71,46.37,10824.91,499455.18
2020-10-06,45.58,48.23,46.37,46.01,48404.32,2256446.1
2020-10-07,45.02,46.92,46.01,46.62,16473.93,757015.54
2020-10-08,45.46,47.5,46.62,47.28,30247.39,1407650.8
2020-10-09,46.61,48.22,47.28,47.82,18318.88,869021.81
2020-10-10,47.8,50.49,47.82,48.8,31016.13,1533138.78
2020-10-11,48.8,51.23,48.8,50.55,18909.09,953044.04
2020-10-12,49.39,51.6,50.55,50.67,33846.11,1711820.83
2020-10-13,48.85,50.75,50.67,49.87,24379.92,1217273.68
2020-10-14,49.31,51.06,49.87,49.84,16662.11,834317.17
2020-10-15,48.88,50.26,49.84,49.47,20563.52,1019821.36
2020-10-16,45.55,49.88,49.47,47.59,48460.85,2288116.87
2020-10-17,46.33,47.65,47.59,46.89,16676.5,783966.01
2020-10-18,46.85,47.97,46.89,47.6,12671.55,601612.54
2020-10-19,46.84,48.46,47.6,48.01,17986.97,858190.26
2020-10-20,46.46,48.4,48.01,46.89,28995.1,1371787.28
2020-10-21,46.89,55.01,46.89,53.24,97973.8,5027680.6
2020-10-22,53.24,56.36,53.24,54.54,66150.96,3643399.56
2020-10-23,53.18,57.0,54.54,55.43,48610.06,2691412.06
2020-10-24,55.08,59.68,55.43,59.26,56715.53,3290134.8
2020-10-25,56.6,60.02,59.26,58.84,41574.5,2426729.16
2020-10-26,54.99,59.3,58.84,56.92,47797.36,2725695.42
2020-10-27,56.63,59.3,56.92,57.95,53169.71,3075227.97
2020-10-28,54.74,60.55,57.95,55.95,69249.37,3969811.26
2020-10-29,53.41,56.55,55.95,54.91,40002.8,2212600.2
2020-10-30,52.33,55.77,54.91,54.07,39555.0,2122274.35
2020-10-31,53.71,56.45,54.07,55.74,59197.47,3253698.26
2020-11-01,54.26,56.07,55.74,55.6,9831.19,542323.7
2020-11-02,53.1,56.78,55.6,53.92,47019.96,2549941.03
2020-11-03,51.27,54.4,53.92,53.92,37420.44,1979174.03
2020-11-04,51.64,55.21,53.92,54.72,56862.46,3047677.43
2020-11-05,54.72,59.79,54.72,58.96,101921.97,5867248.94
2020-11-06,58.67,63.76,58.96,63.39,99326.36,6097181.14
2020-11-07,57.08,64.83,63.39,59.0,147165.59,9015170.84
2020-11-08,58.71,62.02,59.0,61.06,40528.47,2443330.46
2020-11-09,57.47,61.85,61.06,59.28,63712.02,3788878.29
2020-11-10,57.13,59.63,59.28,57.92,79399.34,4642297.07
2020-11-11,57.9,60.69,57.92,59.29,53759.54,3209403.11
2020-11-12,57.76,60.81,59.29,60.74,60743.81,3580179.4
2020-11-13,60.25,66.67,60.74,65.85,146051.38,9313375.64
2020-11-14,61.77,66.24,65.85,63.99,65558.29,4148798.61
2020-11-15,61.14,64.48,63.99,62.36,37173.68,2332521.79
2020-11-16,62.21,74.58,62.36,73.89,142918.86,9877336.67
2020-11-17,71.47,77.06,73.89,76.44,137979.68,10237131.63
2020-11-18,68.19,77.18,76.44,73.82,111627.2,8156764.44
2020-11-19,71.29,84.0,73.82,81.66,162460.25,12746067.84
2020-11-20,80.13,85.76,81.66,82.52,107877.93,8910802.63
2020-11-21,80.22,88.55,82.52,87.2,130434.57,11026960.72
2020-11-22,77.13,87.99,87.2,82.94,128249.68,10747626.13
2020-11-23,80.96,90.93,82.94,89.22,185374.94,16074083.24
2020-11-24,85.4,94.0,89.22,89.33,168870.44,15179320.37
2020-11-25,78.01,90.53,89.33,81.72,110896.9,9582045.85
2020-11-26,64.5,83.19,81.72,71.0,197670.86,14348215.98
2020-11-27,65.29,73.63,71.0,69.09,151500.63,10404055.29
2020-11-28,68.39,75.0,69.09,72.55,136287.19,9774192.43
2020-11-29,71.61,81.07,72.55,78.98,91959.49,7026860.13
2020-11-30,76.69,88.5,78.98,87.66,198340.78,16354363.44
2020-12-01,78.39,93.0,87.66,85.22,238323.55,20850933.01
2020-12-02,82.75,90.74,85.22,89.06,284724.62,24878369.17
2020-12-03,85.53,91.32,89.06,89.14,129031.89,11456813.44
2020-12-04,77.95,89.82,89.14,80.05,117703.65,9979635.19
2020-12-05,78.75,84.36,80.05,83.18,89141.18,7347591.78
2020-12-06,80.4,85.17,83.18,83.83,48003.84,3987188.3
2020-12-07,81.74,86.79,83.83,83.5,78486.87,6577185.34
2020-12-08,75.39,84.8,83.5,76.8,143649.69,11522644.37
2020-12-09,72.01,78.18,76.8,77.44,138113.94,10494556.47
2020-12-10,73.2,77.61,77.44,74.78,51154.17,3829109.0
2020-12-11,69.9,74.87,74.78,72.24,91390.35,6558120.87
2020-12-12,72.12,77.62,72.24,76.58,50370.27,3801715.36
2020-12-13,75.63,84.32,76.58,82.08,50722.9,4077065.71
2020-12-14,79.22,82.96,82.08,82.48,60439.13,4910376.99
2020-12-15,80.17,84.8,82.48,81.31,60163.04,4939164.97
2020-12-16,78.29,93.3,81.31,93.01,170994.88,14543767.25
2020-12-17,90.37,110.09,93.01,101.07,244765.93,24695013.61
2020-12-18,99.32,112.69,101.07,109.33,183924.2,19875974.6
2020-12-19,105.46,124.5,109.33,119.95,130384.86,15150072.24
2020-12-20,109.77,123.22,119.95,114.81,234944.55,27561009.82
2020-12-21,100.37,118.68,114.81,104.62,247495.1,26791369.27
2020-12-22,98.37,114.52,104.62,114.5,340513.78,36858915.27
2020-12-23,94.44,117.24,114.5,102.6,349789.28,37297267.54
2020-12-24,98.57,112.25,102.6,111.83,168399.24,17768180.14
2020-12-25,108.29,128.4,111.83,127.29,167324.52,19726482.89
2020-12-26,124.89,135.12,127.29,129.5,221941.0,29009878.51
2020-12-27,119.88,139.41,129.5,127.83,359413.34,46693474.68
2020-12-28,126.15,137.23,127.83,129.73,114428.89,15074240.62
2020-12-29,119.76,130.63,129.73,128.84,80546.11,10176217.24
2020-12-30,122.52,133.0,128.84,130.15,135848.41,17343914.93
2020-12-31,122.09,130.44,130.15,124.36,77977.96,9782885.36
2021-01-01,123.23,134.05,124.36,126.32,83053.95,10602107.06
2021-01-02,123.54,142.0,126.32,136.88,140564.47,18689788.21
2021-01-03,135.5,164.82,136.88,160.8,185617.95,27911417.85
2021-01-04,139.15,174.23,160.8,155.06,254756.64,39794893.58
2021-01-05,146.68,163.32,155.06,158.8,124762.13,19452768.64
2021-01-06,155.26,170.01,158.8,169.65,175350.5,28630834.92
2021-01-07,160.87,181.34,169.65,169.94,205576.9,35309052.29
2021-01-08,150.22,181.77,169.94,172.52,291053.38,48894090.7
2021-01-09,163.51,179.69,172.52,177.96,115878.51,19988978.66
2021-01-10,160.0,186.41,177.96,170.7,210794.09,36582056.49
2021-01-11,112.31,170.7,170.7,138.93,294110.92,39657422.05
2021-01-12,127.71,146.8,138.93,133.09,155671.28,21633204.72
2021-01-13,125.98,148.5,133.09,147.79,99573.39,13626446.74
2021-01-14,143.7,156.94,147.79,152.78,83166.6,12472544.87
2021-01-15,130.53,155.45,152.78,144.2,86295.37,12386125.88
2021-01-16,139.42,152.57,144.2,143.87,40740.66,5955693.19
2021-01-17,136.36,147.0,143.87,142.63,37162.95,5286178.76
2021-01-18,138.5,154.72,142.63,151.63,84618.4,12405752.91
2021-01-19,150.36,166.07,151.63,151.89,90824.73,14482455.38
2021-01-20,138.41,156.13,151.89,149.93,112086.34,16390672.81
2021-01-21,125.59,150.22,149.93,130.08,102233.01,13813727.9
2021-01-22,122.56,141.94,130.08,138.17,91157.88,12352031.25
2021-01-23,135.19,143.79,138.17,137.77,42491.12,5906999.34
2021-01-24,133.82,142.79,137.77,141.22,24249.33,3365135.77
2021-01-25,136.64,147.6,141.22,137.18,49832.79,7122438.14
2021-01-26,128.26,139.7,137.18,134.75,51112.27,6869120.18
2021-01-27,118.21,134.89,134.75,122.95,101112.46,12555638.7
2021-01-28,121.0,136.27,122.95,133.6,66191.97,8601821.84
2021-01-29,131.66,145.73,133.6,134.93,132687.84,18370271.71
2021-01-30,128.19,136.18,134.93,133.32,60561.76,7991688.41
2021-01-31,125.81,135.2,133.32,129.7,30184.66,3914124.21
2021-02-01,126.19,136.65,129.7,132.03,62142.01,8173551.31
2021-02-02,132.03,145.99,132.03,142.53,86250.96,12194156.85
2021-02-03,142.09,156.79,142.53,156.5,88433.81,13458306.86
2021-02-04,141.1,159.0,156.5,145.4,84624.33,12655473.13
2021-02-05,143.34,157.0,145.4,155.18,72491.68,11077004.57
2021-02-06,150.03,164.1,155.18,155.53,76883.76,12273170.33
2021-02-07,145.43,157.48,155.53,151.19,69291.52,10471029.39
2021-02-08,148.0,169.48,151.19,167.65,128175.88,20511588.22
2021-02-09,164.44,184.69,167.65,181.91,106619.11,18244077.04
2021-02-10,170.6,195.33,181.91,181.8,173305.05,31754434.08
2021-02-11,175.92,193.5,181.8,184.04,99945.08,18620382.92
2021-02-12,176.83,200.0,184.04,196.98,129404.5,24426566.43
2021-02-13,191.11,229.18,196.98,226.5,179580.61,37499180.7
2021-02-14,208.23,230.71,226.5,213.69,114594.52,25208842.19
2021-02-15,186.06,220.02,213.69,208.09,242309.99,49586459.42
2021-02-16,200.5,222.05,208.09,210.49,154256.75,32616583.95
2021-02-17,203.35,237.71,210.49,237.41,132983.54,29781058.18
2021-02-18,220.8,239.09,237.41,226.6,102990.88,23588611.62
2021-02-19,220.02,242.0,226.6,236.82,98133.6,22817693.85
2021-02-20,215.0,247.0,236.82,227.37,118109.63,27642157.8
2021-02-21,219.73,233.77,227.37,227.68,105735.32,24173973.27
2021-02-22,180.0,227.68,227.68,208.26,293869.91,60689195.02
2021-02-23,157.53,208.69,208.26,177.5,295025.93,52804535.83
2021-02-24,169.18,189.64,177.5,181.94,111112.27,20296781.64
2021-02-25,175.21,205.15,181.94,179.25,153277.46,29164031.64
2021-02-26,162.79,182.65,179.25,170.31,114291.68,19830694.23
2021-02-27,167.36,180.36,170.31,172.15,92471.45,16134869.68
2021-02-28,153.02,173.0,172.15,165.01,117117.63,18858193.07
2021-03-01,163.57,176.58,165.01,176.11,86916.46,14798406.64
2021-03-02,170.69,185.41,176.11,178.37,71231.86,12601104.66
2021-03-03,177.33,196.51,178.37,187.7,79752.96,15196879.8
2021-03-04,177.0,194.34,187.7,180.78,87303.75,16086950.37
2021-03-05,168.76,183.56,180.78,180.98,119086.72,20945401.01
2021-03-06,174.57,184.6,180.98,182.62,85140.87,15336215.03
2021-03-07,182.29,192.01,182.62,190.61,57144.37,10704290.09
2021-03-08,180.0,195.23,190.61,191.55,68528.27,12710978.41
2021-03-09,189.16,205.16,191.55,204.0,107600.76,21366551.67
2021-03-10,191.51,208.0,204.0,200.36,116203.37,23338751.13
2021-03-11,191.0,203.56,200.36,201.41,77394.68,15259019.87
2021-03-12,198.5,224.18,201.41,220.7,107529.45,22665292.94
2021-03-13,212.89,230.0,220.7,226.33,163266.74,36721190.78
2021-03-14,213.92,227.93,226.33,213.92,32700.31,7196276.43
2021-03-15,197.78,222.43,213.92,200.81,98920.48,20361626.62
2021-03-16,191.16,205.2,200.81,201.78,87090.01,17383029.87
2021-03-17,194.17,207.0,201.78,205.82,45211.93,9084929.51
2021-03-18,199.22,208.27,205.82,199.57,57553.89,11742005.56
2021-03-19,195.94,205.0,199.57,200.27,34601.76,6978156.76
2021-03-20,198.88,206.19,200.27,200.05,26833.19,5435705.82
2021-03-21,192.14,201.81,200.05,195.39,39696.21,7791916.21
2021-03-22,184.9,198.78,195.39,185.75,50161.1,9626813.7
2021-03-23,181.14,189.4,185.75,186.08,59119.45,11000517.03
2021-03-24,172.43,197.05,186.08,176.18,91991.76,17401374.43
2021-03-25,167.67,178.29,176.18,171.5,58202.9,10093103.45
2021-03-26,171.5,183.98,171.5,183.77,50694.41,9061651.06
2021-03-27,177.77,186.11,183.77,184.16,22192.13,4051735.84
2021-03-28,180.1,187.24,184.16,184.35,33905.89,6237201.35
2021-03-29,182.71,197.5,184.35,193.69,66881.91,12963214.49
2021-03-30,190.2,200.02,193.69,195.79,51442.33,10058415.41
2021-03-31,186.74,199.08,195.79,196.58,46810.43,8997511.14
2021-04-01,194.23,204.82,196.58,202.31,52798.91,10556762.61
2021-04-02,200.99,213.48,202.31,212.03,58755.6,12118633.04
2021-04-03,195.18,217.88,212.03,195.39,61616.04,12748346.58
2021-04-04,192.63,204.62,195.39,202.5,28399.22,5709702.12
2021-04-05,198.11,225.1,202.5,221.6,70874.22,15145629.03
2021-04-06,213.0,244.9,221.6,237.1,204114.06,47559269.69
2021-04-07,210.98,242.83,237.1,219.05,156946.09,35127178.6
2021-04-08,216.77,228.18,219.05,226.27,110548.94,24768306.91
2021-04-09,218.78,228.89,226.27,220.9,63791.6,14356718.64
2021-04-10,219.28,256.19,220.9,255.93,89185.92,21120058.71
2021-04-11,244.59,263.26,255.93,252.0,83377.31,21141073.23
2021-04-12,240.21,258.83,252.0,244.68,69716.16,17356499.62
2021-04-13,244.63,273.05,244.68,267.3,90624.81,23639969.07
2021-04-14,255.03,283.09,267.3,279.43,123360.84,33333530.69
2021-04-15,266.03,291.23,279.43,286.89,61480.42,17217455.81
2021-04-16,265.0,317.46,286.89,309.05,162600.71,47283419.1
2021-04-17,297.54,335.79,309.05,301.86,150611.8,47536573.75
2021-04-18,235.57,305.28,301.86,273.53,198165.62,52399752.23
2021-04-19,250.89,282.44,273.53,261.57,161582.8,43338237.64
2021-04-20,234.48,273.09,261.57,261.05,230035.13,58075552.83
2021-04-21,250.85,276.99,261.05,258.09,184434.32,48842381.91
2021-04-22,239.6,289.84,258.09,253.06,205976.15,55013715.91
2021-04-23,209.91,256.75,253.06,241.59,219024.45,50428126.9
2021-04-24,221.1,241.6,241.59,225.3,207526.04,47674917.42
2021-04-25,211.02,235.98,225.3,223.96,99416.49,22523500.73
2021-04-26,221.82,248.68,223.96,247.8,284927.12,68249794.13
2021-04-27,244.13,263.6,247.8,260.19,104431.62,26696639.79
2021-04-28,248.02,266.95,260.19,258.88,99898.41,25752791.67
2021-04-29,248.81,262.97,258.88,255.79,72561.82,18522232.51
2021-04-30,252.9,273.76,255.79,271.54,88485.71,23436258.52
2021-05-01,266.08,278.48,271.54,276.8,49273.42,13394884.49
2021-05-02,265.0,277.48,276.8,269.29,41814.06,11287045.96
2021-05-03,268.87,299.74,269.29,294.57,74241.18,21193270.16
2021-05-04,271.52,332.87,294.57,305.28,262454.75,79645632.8
2021-05-05,301.34,359.88,305.28,356.28,162829.15,55696170.1
2021-05-06,318.2,365.13,356.28,354.62,230089.61,78301916.98
2021-05-07,334.0,372.88,354.62,344.77,140209.91,50065782.51
2021-05-08,334.65,357.06,344.77,347.39,84261.81,29151267.09
2021-05-09,334.36,389.5,347.39,388.32,80333.04,28827266.44
2021-05-10,335.3,413.6,388.32,359.17,217690.86,82543462.91
2021-05-11,345.23,380.0,359.17,378.09,125944.25,45467758.26
2021-05-12,301.24,394.33,378.09,308.66,189973.95,68167191.66
2021-05-13,291.1,332.89,308.66,317.47,134670.88,42527571.07
2021-05-14,308.88,339.38,317.47,326.49,70249.67,22818723.25
2021-05-15,296.24,332.0,326.49,300.2,68551.79,21418227.91
2021-05-16,279.58,324.0,300.2,296.42,86109.4,26160009.23
2021-05-17,261.72,296.5,296.42,281.29,103063.94,28872289.62
2021-05-18,278.95,318.36,281.29,294.06,124588.26,37596606.92
2021-05-19,148.33,300.92,294.06,186.66,324034.41,72298278.88
2021-05-20,167.09,225.83,186.66,211.02,287737.21,59708743.47
2021-05-21,157.18,219.38,211.02,180.45,221718.43,42363002.16
2021-05-22,161.9,184.56,180.45,169.37,107614.48,18764599.49
2021-05-23,118.25,176.27,169.37,142.67,136053.38,19302625.62
2021-05-24,139.64,185.47,142.67,185.47,187667.31,31070748.83
2021-05-25,167.43,194.85,185.47,183.76,190663.75,34002963.06
2021-05-26,179.93,204.53,183.76,199.2,112297.46,21930711.1
2021-05-27,180.78,208.98,199.2,193.49,121314.32,23846276.96
2021-05-28,164.86,198.49,193.49,177.46,74629.06,13300600.19
2021-05-29,157.89,188.56,177.46,163.63,79660.97,13452703.57
2021-05-30,155.54,180.58,163.63,170.73,71546.29,12286774.67
2021-05-31,163.92,188.38,170.73,188.31,76830.95,13658780.08
2021-06-01,175.81,193.08,188.31,182.83,75466.97,13740582.87
2021-06-02,178.65,191.3,182.83,187.23,55727.6,10318791.15
2021-06-03,182.11,197.8,187.23,193.23,79639.22,15194104.77
2021-06-04,169.03,193.85,193.23,178.62,68572.51,12194196.52
2021-06-05,167.68,185.58,178.62,172.78,73362.72,12930153.23
2021-06-06,172.35,180.08,172.78,173.45,44470.51,7831934.61
